keyword;label
AADI;AADI
Adaro Andalan Indonesia Tbk.;AADI
Adaro Andalan Indonesia Tbk;AADI
Adaro Andalan Indonesia;AADI
AALI;AALI
Astra Agro Lestari Tbk.;AALI
Astra Agro Lestari Tbk;AALI
Astra Agro Lestari;AALI
ABBA;ABBA
Mahaka Media Tbk.;ABBA
Mahaka Media Tbk;ABBA
Mahaka Media;ABBA
ABDA;ABDA
Asuransi Bina Dana Arta Tbk.;ABDA
Asuransi Bina Dana Arta Tbk;ABDA
Asuransi Bina Dana Arta;ABDA
ABMM;ABMM
ABM Investama Tbk.;ABMM
ABM Investama Tbk;ABMM
ABM Investama;ABMM
ACES;ACES
Aspirasi Hidup Indonesia Tbk.;ACES
Aspirasi Hidup Indonesia Tbk;ACES
Aspirasi Hidup Indonesia;ACES
ACRO;ACRO
Samcro Hyosung Adilestari Tbk.;ACRO
Samcro Hyosung Adilestari Tbk;ACRO
Samcro Hyosung Adilestari;ACRO
ACST;ACST
Acset Indonusa Tbk.;ACST
Acset Indonusa Tbk;ACST
Acset Indonusa;ACST
ADCP;ADCP
Adhi Commuter Properti Tbk.;ADCP
Adhi Commuter Properti Tbk;ADCP
Adhi Commuter Properti;ADCP
ADES;ADES
Akasha Wira International Tbk.;ADES
Akasha Wira International Tbk;ADES
Akasha Wira International;ADES
ADHI;ADHI
Adhi Karya (Persero) Tbk.;ADHI
Adhi Karya (Persero) Tbk;ADHI
Adhi Karya (Persero);ADHI
ADMF;ADMF
Adira Dinamika Multi Finance Tbk.;ADMF
Adira Dinamika Multi Finance Tbk;ADMF
Adira Dinamika Multi Finance;ADMF
ADMG;ADMG
Polychem Indonesia Tbk.;ADMG
Polychem Indonesia Tbk;ADMG
Polychem Indonesia;ADMG
ADMR;ADMR
Alamtri Minerals Indonesia Tbk.;ADMR
Alamtri Minerals Indonesia Tbk;ADMR
Alamtri Minerals Indonesia;ADMR
ADRO;ADRO
Alamtri Resources Indonesia Tbk.;ADRO
Alamtri Resources Indonesia Tbk;ADRO
Alamtri Resources Indonesia;ADRO
AEGS;AEGS
Anugerah Spareparts Sejahtera Tbk.;AEGS
Anugerah Spareparts Sejahtera Tbk;AEGS
Anugerah Spareparts Sejahtera;AEGS
AGAR;AGAR
Asia Sejahtera Mina Tbk.;AGAR
Asia Sejahtera Mina Tbk;AGAR
Asia Sejahtera Mina;AGAR
AGII;AGII
Samator Indo Gas Tbk.;AGII
Samator Indo Gas Tbk;AGII
Samator Indo Gas;AGII
AGRO;AGRO
Bank Raya Indonesia Tbk.;AGRO
Bank Raya Indonesia Tbk;AGRO
Bank Raya Indonesia;AGRO
AGRS;AGRS
Bank IBK Indonesia Tbk.;AGRS
Bank IBK Indonesia Tbk;AGRS
Bank IBK Indonesia;AGRS
AHAP;AHAP
Asuransi Harta Aman Pratama Tbk.;AHAP
Asuransi Harta Aman Pratama Tbk;AHAP
Asuransi Harta Aman Pratama;AHAP
AIMS;AIMS
Artha Mahiya Investama Tbk.;AIMS
Artha Mahiya Investama Tbk;AIMS
Artha Mahiya Investama;AIMS
AISA;AISA
FKS Food Sejahtera Tbk.;AISA
FKS Food Sejahtera Tbk;AISA
FKS Food Sejahtera;AISA
AKKU;AKKU
Anugerah Kagum Karya Utama Tbk.;AKKU
Anugerah Kagum Karya Utama Tbk;AKKU
Anugerah Kagum Karya Utama;AKKU
AKPI;AKPI
Argha Karya Prima Industry Tbk.;AKPI
Argha Karya Prima Industry Tbk;AKPI
Argha Karya Prima Industry;AKPI
AKRA;AKRA
AKR Corporindo Tbk.;AKRA
AKR Corporindo Tbk;AKRA
AKR Corporindo;AKRA
AKSI;AKSI
Mineral Sumberdaya Mandiri Tbk.;AKSI
Mineral Sumberdaya Mandiri Tbk;AKSI
Mineral Sumberdaya Mandiri;AKSI
ALDO;ALDO
Alkindo Naratama Tbk.;ALDO
Alkindo Naratama Tbk;ALDO
Alkindo Naratama;ALDO
ALII;ALII
Ancara Logistics Indonesia Tbk.;ALII
Ancara Logistics Indonesia Tbk;ALII
Ancara Logistics Indonesia;ALII
ALKA;ALKA
Alakasa Industrindo Tbk.;ALKA
Alakasa Industrindo Tbk;ALKA
Alakasa Industrindo;ALKA
ALMI;ALMI
Alumindo Light Metal Industry Tbk.;ALMI
Alumindo Light Metal Industry Tbk;ALMI
Alumindo Light Metal Industry;ALMI
ALTO;ALTO
Tri Banyan Tirta Tbk.;ALTO
Tri Banyan Tirta Tbk;ALTO
Tri Banyan Tirta;ALTO
AMAG;AMAG
Asuransi Multi Artha Guna Tbk.;AMAG
Asuransi Multi Artha Guna Tbk;AMAG
Asuransi Multi Artha Guna;AMAG
AMAN;AMAN
Makmur Berkah Amanda Tbk.;AMAN
Makmur Berkah Amanda Tbk;AMAN
Makmur Berkah Amanda;AMAN
AMAR;AMAR
Bank Amar Indonesia Tbk.;AMAR
Bank Amar Indonesia Tbk;AMAR
Bank Amar Indonesia;AMAR
AMFG;AMFG
Asahimas Flat Glass Tbk.;AMFG
Asahimas Flat Glass Tbk;AMFG
Asahimas Flat Glass;AMFG
AMIN;AMIN
Ateliers Mecaniques D Indonesie Tbk.;AMIN
Ateliers Mecaniques D Indonesie Tbk;AMIN
Ateliers Mecaniques D Indonesie;AMIN
AMMN;AMMN
Amman Mineral Internasional Tbk.;AMMN
Amman Mineral Internasional Tbk;AMMN
Amman Mineral Internasional;AMMN
AMMS;AMMS
Agung Menjangan Mas Tbk.;AMMS
Agung Menjangan Mas Tbk;AMMS
Agung Menjangan Mas;AMMS
AMOR;AMOR
Ashmore Asset Management Indonesia Tbk.;AMOR
Ashmore Asset Management Indonesia Tbk;AMOR
Ashmore Asset Management Indonesia;AMOR
AMRT;AMRT
Sumber Alfaria Trijaya Tbk.;AMRT
Sumber Alfaria Trijaya Tbk;AMRT
Sumber Alfaria Trijaya;AMRT
ANDI;ANDI
Andira Agro Tbk.;ANDI
Andira Agro Tbk;ANDI
Andira Agro;ANDI
ANJT;ANJT
Austindo Nusantara Jaya Tbk.;ANJT
Austindo Nusantara Jaya Tbk;ANJT
Austindo Nusantara Jaya;ANJT
ANTM;ANTM
ANTAM (Persero) Tbk.;ANTM
ANTAM (Persero) Tbk;ANTM
ANTAM (Persero);ANTM
APEX;APEX
Apexindo Pratama Duta Tbk.;APEX
Apexindo Pratama Duta Tbk;APEX
Apexindo Pratama Duta;APEX
APIC;APIC
Pacific Strategic Financial Tbk.;APIC
Pacific Strategic Financial Tbk;APIC
Pacific Strategic Financial;APIC
APII;APII
Arita Prima Indonesia Tbk.;APII
Arita Prima Indonesia Tbk;APII
Arita Prima Indonesia;APII
APLI;APLI
Asiaplast Industries Tbk.;APLI
Asiaplast Industries Tbk;APLI
Asiaplast Industries;APLI
APLN;APLN
Agung Podomoro Land Tbk.;APLN
Agung Podomoro Land Tbk;APLN
Agung Podomoro Land;APLN
ARCI;ARCI
Archi Indonesia Tbk.;ARCI
Archi Indonesia Tbk;ARCI
Archi Indonesia;ARCI
AREA;AREA
Dunia Virtual Online Tbk.;AREA
Dunia Virtual Online Tbk;AREA
Dunia Virtual Online;AREA
ARGO;ARGO
Argo Pantes Tbk.;ARGO
Argo Pantes Tbk;ARGO
Argo Pantes;ARGO
ARII;ARII
Atlas Resources Tbk.;ARII
Atlas Resources Tbk;ARII
Atlas Resources;ARII
ARKA;ARKA
Arkha Jayanti Persada Tbk.;ARKA
Arkha Jayanti Persada Tbk;ARKA
Arkha Jayanti Persada;ARKA
ARKO;ARKO
Arkora Hydro Tbk.;ARKO
Arkora Hydro Tbk;ARKO
Arkora Hydro;ARKO
ARMY;ARMY
Armidian Karyatama Tbk.;ARMY
Armidian Karyatama Tbk;ARMY
Armidian Karyatama;ARMY
ARNA;ARNA
Arwana Citramulia Tbk.;ARNA
Arwana Citramulia Tbk;ARNA
Arwana Citramulia;ARNA
ARTA;ARTA
Arthavest Tbk.;ARTA
Arthavest Tbk;ARTA
Arthavest;ARTA
ARTI;ARTI
Ratu Prabu Energi Tbk.;ARTI
Ratu Prabu Energi Tbk;ARTI
Ratu Prabu Energi;ARTI
ARTO;ARTO
Bank Jago Tbk.;ARTO
Bank Jago Tbk;ARTO
Bank Jago;ARTO
ASBI;ASBI
Asuransi Bintang Tbk.;ASBI
Asuransi Bintang Tbk;ASBI
Asuransi Bintang;ASBI
ASDM;ASDM
Asuransi Dayin Mitra Tbk.;ASDM
Asuransi Dayin Mitra Tbk;ASDM
Asuransi Dayin Mitra;ASDM
ASGR;ASGR
Astra Graphia Tbk.;ASGR
Astra Graphia Tbk;ASGR
Astra Graphia;ASGR
ASHA;ASHA
Cilacap Samudera Fishing Industry Tbk.;ASHA
Cilacap Samudera Fishing Industry Tbk;ASHA
Cilacap Samudera Fishing Industry;ASHA
ASII;ASII
Astra International Tbk.;ASII
Astra International Tbk;ASII
Astra International;ASII
ASJT;ASJT
Asuransi Jasa Tania Tbk.;ASJT
Asuransi Jasa Tania Tbk;ASJT
Asuransi Jasa Tania;ASJT
ASLC;ASLC
Autopedia Sukses Lestari Tbk.;ASLC
Autopedia Sukses Lestari Tbk;ASLC
Autopedia Sukses Lestari;ASLC
ASLI;ASLI
Asri Karya Lestari Tbk.;ASLI
Asri Karya Lestari Tbk;ASLI
Asri Karya Lestari;ASLI
ASMI;ASMI
Asuransi Maximus Graha Persada Tbk.;ASMI
Asuransi Maximus Graha Persada Tbk;ASMI
Asuransi Maximus Graha Persada;ASMI
ASPI;ASPI
Andalan Sakti Primaindo Tbk.;ASPI
Andalan Sakti Primaindo Tbk;ASPI
Andalan Sakti Primaindo;ASPI
ASPR;ASPR
Asia Pramulia Tbk.;ASPR
Asia Pramulia Tbk;ASPR
Asia Pramulia;ASPR
ASRI;ASRI
Alam Sutera Realty Tbk.;ASRI
Alam Sutera Realty Tbk;ASRI
Alam Sutera Realty;ASRI
ASRM;ASRM
Asuransi Ramayana Tbk.;ASRM
Asuransi Ramayana Tbk;ASRM
Asuransi Ramayana;ASRM
ASSA;ASSA
Adi Sarana Armada Tbk.;ASSA
Adi Sarana Armada Tbk;ASSA
Adi Sarana Armada;ASSA
ATAP;ATAP
Trimitra Prawara Goldland Tbk.;ATAP
Trimitra Prawara Goldland Tbk;ATAP
Trimitra Prawara Goldland;ATAP
ATIC;ATIC
Anabatic Technologies Tbk.;ATIC
Anabatic Technologies Tbk;ATIC
Anabatic Technologies;ATIC
ATLA;ATLA
Atlantis Subsea Indonesia Tbk.;ATLA
Atlantis Subsea Indonesia Tbk;ATLA
Atlantis Subsea Indonesia;ATLA
AUTO;AUTO
Astra Otoparts Tbk.;AUTO
Astra Otoparts Tbk;AUTO
Astra Otoparts;AUTO
AVIA;AVIA
Avia Avian Tbk.;AVIA
Avia Avian Tbk;AVIA
Avia Avian;AVIA
AWAN;AWAN
Era Digital Media Tbk.;AWAN
Era Digital Media Tbk;AWAN
Era Digital Media;AWAN
AXIO;AXIO
Tera Data Indonusa Tbk.;AXIO
Tera Data Indonusa Tbk;AXIO
Tera Data Indonusa;AXIO
AYAM;AYAM
Janu Putra Sejahtera Tbk.;AYAM
Janu Putra Sejahtera Tbk;AYAM
Janu Putra Sejahtera;AYAM
AYLS;AYLS
Arkayana Lestari Grup Tbk.;AYLS
Arkayana Lestari Grup Tbk;AYLS
Arkayana Lestari Grup;AYLS
BABP;BABP
Bank MNC Internasional Tbk.;BABP
Bank MNC Internasional Tbk;BABP
Bank MNC Internasional;BABP
BABY;BABY
Multitrend Indo Tbk.;BABY
Multitrend Indo Tbk;BABY
Multitrend Indo;BABY
BACA;BACA
Bank Capital Indonesia Tbk.;BACA
Bank Capital Indonesia Tbk;BACA
Bank Capital Indonesia;BACA
BACH;BACH
Bach Multi Global Tbk.;BACH
Bach Multi Global Tbk;BACH
Bach Multi Global;BACH
BAIK;BAIK
Bersama Mencapai Puncak Tbk.;BAIK
Bersama Mencapai Puncak Tbk;BAIK
Bersama Mencapai Puncak;BAIK
BAJA;BAJA
Saranacentral Bajatama Tbk.;BAJA
Saranacentral Bajatama Tbk;BAJA
Saranacentral Bajatama;BAJA
BALI;BALI
Bali Towerindo Sentra Tbk.;BALI
Bali Towerindo Sentra Tbk;BALI
Bali Towerindo Sentra;BALI
BANK;BANK
Bank Aladin Syariah Tbk.;BANK
Bank Aladin Syariah Tbk;BANK
Bank Aladin Syariah;BANK
BAPA;BAPA
Bekasi Asri Pemula Tbk.;BAPA
Bekasi Asri Pemula Tbk;BAPA
Bekasi Asri Pemula;BAPA
BAPI;BAPI
Bhakti Agung Propertindo Tbk.;BAPI
Bhakti Agung Propertindo Tbk;BAPI
Bhakti Agung Propertindo;BAPI
BATA;BATA
Sepatu Bata Tbk.;BATA
Sepatu Bata Tbk;BATA
Sepatu Bata;BATA
BATR;BATR
Benteng Api Technic Tbk.;BATR
Benteng Api Technic Tbk;BATR
Benteng Api Technic;BATR
BAUT;BAUT
Mitra Angkasa Sejahtera Tbk.;BAUT
Mitra Angkasa Sejahtera Tbk;BAUT
Mitra Angkasa Sejahtera;BAUT
BAYU;BAYU
Bayu Buana Tbk.;BAYU
Bayu Buana Tbk;BAYU
Bayu Buana;BAYU
BBCA;BBCA
Bank Central Asia Tbk.;BBCA
Bank Central Asia Tbk;BBCA
Bank Central Asia;BBCA
BBHI;BBHI
Allo Bank Indonesia Tbk.;BBHI
Allo Bank Indonesia Tbk;BBHI
Allo Bank Indonesia;BBHI
BBKP;BBKP
Bank KB Indonesia Tbk.;BBKP
Bank KB Indonesia Tbk;BBKP
Bank KB Indonesia;BBKP
BBLD;BBLD
Buana Finance Tbk.;BBLD
Buana Finance Tbk;BBLD
Buana Finance;BBLD
BBMD;BBMD
Bank Mestika Dharma Tbk.;BBMD
Bank Mestika Dharma Tbk;BBMD
Bank Mestika Dharma;BBMD
BBNI;BBNI
Bank Negara Indonesia (Persero) Tbk.;BBNI
Bank Negara Indonesia (Persero) Tbk;BBNI
Bank Negara Indonesia (Persero);BBNI
BBRI;BBRI
Bank Rakyat Indonesia (Persero) Tbk.;BBRI
Bank Rakyat Indonesia (Persero) Tbk;BBRI
Bank Rakyat Indonesia (Persero);BBRI
BBRM;BBRM
Pelayaran Nasional Bina Buana Raya Tbk.;BBRM
Pelayaran Nasional Bina Buana Raya Tbk;BBRM
Pelayaran Nasional Bina Buana Raya;BBRM
BBSI;BBSI
Krom Bank Indonesia Tbk.;BBSI
Krom Bank Indonesia Tbk;BBSI
Krom Bank Indonesia;BBSI
BBSS;BBSS
Bumi Benowo Sukses Sejahtera Tbk.;BBSS
Bumi Benowo Sukses Sejahtera Tbk;BBSS
Bumi Benowo Sukses Sejahtera;BBSS
BBTN;BBTN
Bank Tabungan Negara (Persero) Tbk.;BBTN
Bank Tabungan Negara (Persero) Tbk;BBTN
Bank Tabungan Negara (Persero);BBTN
BBYB;BBYB
Bank Neo Commerce Tbk.;BBYB
Bank Neo Commerce Tbk;BBYB
Bank Neo Commerce;BBYB
BCAP;BCAP
MNC Kapital Indonesia Tbk.;BCAP
MNC Kapital Indonesia Tbk;BCAP
MNC Kapital Indonesia;BCAP
BCIC;BCIC
Bank JTrust Indonesia Tbk.;BCIC
Bank JTrust Indonesia Tbk;BCIC
Bank JTrust Indonesia;BCIC
BCIP;BCIP
Bumi Citra Permai Tbk.;BCIP
Bumi Citra Permai Tbk;BCIP
Bumi Citra Permai;BCIP
BDKR;BDKR
Berdikari Pondasi Perkasa Tbk.;BDKR
Berdikari Pondasi Perkasa Tbk;BDKR
Berdikari Pondasi Perkasa;BDKR
BDMN;BDMN
Bank Danamon Indonesia Tbk.;BDMN
Bank Danamon Indonesia Tbk;BDMN
Bank Danamon Indonesia;BDMN
BEBS;BEBS
Berkah Beton Sadaya Tbk.;BEBS
Berkah Beton Sadaya Tbk;BEBS
Berkah Beton Sadaya;BEBS
BEEF;BEEF
Estika Tata Tiara Tbk.;BEEF
Estika Tata Tiara Tbk;BEEF
Estika Tata Tiara;BEEF
BEER;BEER
Jobubu Jarum Minahasa Tbk.;BEER
Jobubu Jarum Minahasa Tbk;BEER
Jobubu Jarum Minahasa;BEER
BEKS;BEKS
Bank Pembangunan Daerah Banten Tbk.;BEKS
Bank Pembangunan Daerah Banten Tbk;BEKS
Bank Pembangunan Daerah Banten;BEKS
BELI;BELI
Global Digital Niaga Tbk.;BELI
Global Digital Niaga Tbk;BELI
Global Digital Niaga;BELI
BELL;BELL
Trisula Textile Industries Tbk.;BELL
Trisula Textile Industries Tbk;BELL
Trisula Textile Industries;BELL
BESS;BESS
Batulicin Nusantara Maritim Tbk.;BESS
Batulicin Nusantara Maritim Tbk;BESS
Batulicin Nusantara Maritim;BESS
BEST;BEST
Bekasi Fajar Industrial Estate Tbk.;BEST
Bekasi Fajar Industrial Estate Tbk;BEST
Bekasi Fajar Industrial Estate;BEST
BFIN;BFIN
BFI Finance  Indonesia Tbk.;BFIN
BFI Finance  Indonesia Tbk;BFIN
BFI Finance  Indonesia;BFIN
BGTG;BGTG
Bank Ganesha Tbk.;BGTG
Bank Ganesha Tbk;BGTG
Bank Ganesha;BGTG
BHAT;BHAT
Bhakti Multi Artha Tbk.;BHAT
Bhakti Multi Artha Tbk;BHAT
Bhakti Multi Artha;BHAT
BHIT;BHIT
MNC Asia Holding Tbk.;BHIT
MNC Asia Holding Tbk;BHIT
MNC Asia Holding;BHIT
BIKA;BIKA
Binakarya Jaya Abadi Tbk.;BIKA
Binakarya Jaya Abadi Tbk;BIKA
Binakarya Jaya Abadi;BIKA
BIKE;BIKE
Sepeda Bersama Indonesia Tbk.;BIKE
Sepeda Bersama Indonesia Tbk;BIKE
Sepeda Bersama Indonesia;BIKE
BIMA;BIMA
Primarindo Asia Infrastructure Tbk.;BIMA
Primarindo Asia Infrastructure Tbk;BIMA
Primarindo Asia Infrastructure;BIMA
BINA;BINA
Bank Ina Perdana Tbk.;BINA
Bank Ina Perdana Tbk;BINA
Bank Ina Perdana;BINA
BINO;BINO
Perma Plasindo Tbk.;BINO
Perma Plasindo Tbk;BINO
Perma Plasindo;BINO
BIPI;BIPI
Astrindo Nusantara Infrastruktur Tbk.;BIPI
Astrindo Nusantara Infrastruktur Tbk;BIPI
Astrindo Nusantara Infrastruktur;BIPI
BIPP;BIPP
Bhuwanatala Indah Permai Tbk.;BIPP
Bhuwanatala Indah Permai Tbk;BIPP
Bhuwanatala Indah Permai;BIPP
BIRD;BIRD
Blue Bird Tbk.;BIRD
Blue Bird Tbk;BIRD
Blue Bird;BIRD
BISI;BISI
BISI International Tbk.;BISI
BISI International Tbk;BISI
BISI International;BISI
BJBR;BJBR
Bank Pembangunan Daerah Jawa Barat dan Banten Tbk.;BJBR
Bank Pembangunan Daerah Jawa Barat dan Banten Tbk;BJBR
Bank Pembangunan Daerah Jawa Barat dan Banten;BJBR
BJTM;BJTM
Bank Pembangunan Daerah Jawa Timur Tbk.;BJTM
Bank Pembangunan Daerah Jawa Timur Tbk;BJTM
Bank Pembangunan Daerah Jawa Timur;BJTM
BKDP;BKDP
Bukit Darmo Property Tbk.;BKDP
Bukit Darmo Property Tbk;BKDP
Bukit Darmo Property;BKDP
BKSL;BKSL
Sentul City Tbk.;BKSL
Sentul City Tbk;BKSL
Sentul City;BKSL
BKSW;BKSW
Bank QNB Indonesia Tbk.;BKSW
Bank QNB Indonesia Tbk;BKSW
Bank QNB Indonesia;BKSW
BLES;BLES
Superior Prima Sukses Tbk.;BLES
Superior Prima Sukses Tbk;BLES
Superior Prima Sukses;BLES
BLOG;BLOG
Trimitra Trans Persada Tbk.;BLOG
Trimitra Trans Persada Tbk;BLOG
Trimitra Trans Persada;BLOG
BLTA;BLTA
Berlian Laju Tanker Tbk.;BLTA
Berlian Laju Tanker Tbk;BLTA
Berlian Laju Tanker;BLTA
BLTZ;BLTZ
Graha Layar Prima Tbk.;BLTZ
Graha Layar Prima Tbk;BLTZ
Graha Layar Prima;BLTZ
BLUE;BLUE
Berkah Prima Perkasa Tbk.;BLUE
Berkah Prima Perkasa Tbk;BLUE
Berkah Prima Perkasa;BLUE
BMAS;BMAS
Bank Kasikorn Indonesia Tbk.;BMAS
Bank Kasikorn Indonesia Tbk;BMAS
Bank Kasikorn Indonesia;BMAS
BMBL;BMBL
Lavender Bina Cendikia Tbk.;BMBL
Lavender Bina Cendikia Tbk;BMBL
Lavender Bina Cendikia;BMBL
BMHS;BMHS
Bundamedik Tbk.;BMHS
Bundamedik Tbk;BMHS
Bundamedik;BMHS
BMRI;BMRI
Bank Mandiri (Persero) Tbk.;BMRI
Bank Mandiri (Persero) Tbk;BMRI
Bank Mandiri (Persero);BMRI
BMSR;BMSR
Bintang Mitra Semestaraya Tbk.;BMSR
Bintang Mitra Semestaraya Tbk;BMSR
Bintang Mitra Semestaraya;BMSR
BMTR;BMTR
Global Mediacom Tbk.;BMTR
Global Mediacom Tbk;BMTR
Global Mediacom;BMTR
BNBA;BNBA
Bank Bumi Arta Tbk.;BNBA
Bank Bumi Arta Tbk;BNBA
Bank Bumi Arta;BNBA
BNBR;BNBR
Bakrie & Brothers Tbk.;BNBR
Bakrie & Brothers Tbk;BNBR
Bakrie & Brothers;BNBR
BNGA;BNGA
Bank CIMB Niaga Tbk.;BNGA
Bank CIMB Niaga Tbk;BNGA
Bank CIMB Niaga;BNGA
BNII;BNII
Bank Maybank Indonesia Tbk.;BNII
Bank Maybank Indonesia Tbk;BNII
Bank Maybank Indonesia;BNII
BNLI;BNLI
Bank Permata Tbk.;BNLI
Bank Permata Tbk;BNLI
Bank Permata;BNLI
BOAT;BOAT
Newport Marine Services Tbk.;BOAT
Newport Marine Services Tbk;BOAT
Newport Marine Services;BOAT
BOBA;BOBA
Formosa Ingredient Factory Tbk.;BOBA
Formosa Ingredient Factory Tbk;BOBA
Formosa Ingredient Factory;BOBA
BOGA;BOGA
Apollo Global Interactive Tbk.;BOGA
Apollo Global Interactive Tbk;BOGA
Apollo Global Interactive;BOGA
BOLA;BOLA
Bali Bintang Sejahtera Tbk.;BOLA
Bali Bintang Sejahtera Tbk;BOLA
Bali Bintang Sejahtera;BOLA
BOLT;BOLT
Garuda Metalindo Tbk.;BOLT
Garuda Metalindo Tbk;BOLT
Garuda Metalindo;BOLT
BOSS;BOSS
Borneo Olah Sarana Sukses Tbk.;BOSS
Borneo Olah Sarana Sukses Tbk;BOSS
Borneo Olah Sarana Sukses;BOSS
BPFI;BPFI
Woori Finance Indonesia Tbk.;BPFI
Woori Finance Indonesia Tbk;BPFI
Woori Finance Indonesia;BPFI
BPII;BPII
Batavia Prosperindo Internasional Tbk.;BPII
Batavia Prosperindo Internasional Tbk;BPII
Batavia Prosperindo Internasional;BPII
BPTR;BPTR
Batavia Prosperindo Trans Tbk.;BPTR
Batavia Prosperindo Trans Tbk;BPTR
Batavia Prosperindo Trans;BPTR
BRAM;BRAM
Indo Kordsa Tbk.;BRAM
Indo Kordsa Tbk;BRAM
Indo Kordsa;BRAM
BREN;BREN
Barito Renewables Energy Tbk.;BREN
Barito Renewables Energy Tbk;BREN
Barito Renewables Energy;BREN
BRIS;BRIS
Bank Syariah Indonesia (Persero) Tbk.;BRIS
Bank Syariah Indonesia (Persero) Tbk;BRIS
Bank Syariah Indonesia (Persero);BRIS
BRMS;BRMS
Bumi Resources Minerals Tbk.;BRMS
Bumi Resources Minerals Tbk;BRMS
Bumi Resources Minerals;BRMS
BRNA;BRNA
Berlina Tbk.;BRNA
Berlina Tbk;BRNA
Berlina;BRNA
BRPT;BRPT
Barito Pacific Tbk.;BRPT
Barito Pacific Tbk;BRPT
Barito Pacific;BRPT
BRRC;BRRC
Raja Roti Cemerlang Tbk.;BRRC
Raja Roti Cemerlang Tbk;BRRC
Raja Roti Cemerlang;BRRC
BSBK;BSBK
Wulandari Bangun Laksana Tbk.;BSBK
Wulandari Bangun Laksana Tbk;BSBK
Wulandari Bangun Laksana;BSBK
BSDE;BSDE
Bumi Serpong Damai Tbk.;BSDE
Bumi Serpong Damai Tbk;BSDE
Bumi Serpong Damai;BSDE
BSIM;BSIM
Bank Sinarmas Tbk.;BSIM
Bank Sinarmas Tbk;BSIM
Bank Sinarmas;BSIM
BSML;BSML
Bintang Samudera Mandiri Lines Tbk.;BSML
Bintang Samudera Mandiri Lines Tbk;BSML
Bintang Samudera Mandiri Lines;BSML
BSSR;BSSR
Baramulti Suksessarana Tbk.;BSSR
Baramulti Suksessarana Tbk;BSSR
Baramulti Suksessarana;BSSR
BSWD;BSWD
Bank Of India Indonesia Tbk.;BSWD
Bank Of India Indonesia Tbk;BSWD
Bank Of India Indonesia;BSWD
BTEK;BTEK
Bumi Teknokultura Unggul Tbk.;BTEK
Bumi Teknokultura Unggul Tbk;BTEK
Bumi Teknokultura Unggul;BTEK
BTEL;BTEL
Bakrie Telecom Tbk.;BTEL
Bakrie Telecom Tbk;BTEL
Bakrie Telecom;BTEL
BTON;BTON
Betonjaya Manunggal Tbk.;BTON
Betonjaya Manunggal Tbk;BTON
Betonjaya Manunggal;BTON
BTPN;BTPN
Bank SMBC Indonesia Tbk.;BTPN
Bank SMBC Indonesia Tbk;BTPN
Bank SMBC Indonesia;BTPN
BTPS;BTPS
Bank BTPN Syariah Tbk.;BTPS
Bank BTPN Syariah Tbk;BTPS
Bank BTPN Syariah;BTPS
BUAH;BUAH
Segar Kumala Indonesia Tbk.;BUAH
Segar Kumala Indonesia Tbk;BUAH
Segar Kumala Indonesia;BUAH
BUDI;BUDI
Budi Starch & Sweetener Tbk.;BUDI
Budi Starch & Sweetener Tbk;BUDI
Budi Starch & Sweetener;BUDI
BUKA;BUKA
Bukalapak.com Tbk.;BUKA
Bukalapak.com Tbk;BUKA
Bukalapak.com;BUKA
BUKK;BUKK
Bukaka Teknik Utama Tbk.;BUKK
Bukaka Teknik Utama Tbk;BUKK
Bukaka Teknik Utama;BUKK
BULL;BULL
Buana Lintas Lautan Tbk.;BULL
Buana Lintas Lautan Tbk;BULL
Buana Lintas Lautan;BULL
BUMI;BUMI
Bumi Resources Tbk.;BUMI
Bumi Resources Tbk;BUMI
Bumi Resources;BUMI
BUVA;BUVA
Bukit Uluwatu Villa Tbk.;BUVA
Bukit Uluwatu Villa Tbk;BUVA
Bukit Uluwatu Villa;BUVA
BVIC;BVIC
Bank Victoria International Tbk.;BVIC
Bank Victoria International Tbk;BVIC
Bank Victoria International;BVIC
BWPT;BWPT
Eagle High Plantations Tbk.;BWPT
Eagle High Plantations Tbk;BWPT
Eagle High Plantations;BWPT
BYAN;BYAN
Bayan Resources Tbk.;BYAN
Bayan Resources Tbk;BYAN
Bayan Resources;BYAN
CAKK;CAKK
Cahayaputra Asa Keramik Tbk.;CAKK
Cahayaputra Asa Keramik Tbk;CAKK
Cahayaputra Asa Keramik;CAKK
CAMP;CAMP
Campina Ice Cream Industry Tbk.;CAMP
Campina Ice Cream Industry Tbk;CAMP
Campina Ice Cream Industry;CAMP
CANI;CANI
Capitol Nusantara Indonesia Tbk.;CANI
Capitol Nusantara Indonesia Tbk;CANI
Capitol Nusantara Indonesia;CANI
CARE;CARE
Metro Healthcare Indonesia Tbk.;CARE
Metro Healthcare Indonesia Tbk;CARE
Metro Healthcare Indonesia;CARE
CARS;CARS
Industri dan Perdagangan Bintraco Dharma Tbk.;CARS
Industri dan Perdagangan Bintraco Dharma Tbk;CARS
Industri dan Perdagangan Bintraco Dharma;CARS
CASA;CASA
Capital Financial Indonesia Tbk.;CASA
Capital Financial Indonesia Tbk;CASA
Capital Financial Indonesia;CASA
CASH;CASH
Cashlez Worldwide Indonesia Tbk.;CASH
Cashlez Worldwide Indonesia Tbk;CASH
Cashlez Worldwide Indonesia;CASH
CASS;CASS
Cahaya Aero Services Tbk.;CASS
Cahaya Aero Services Tbk;CASS
Cahaya Aero Services;CASS
CBDK;CBDK
Bangun Kosambi Sukses Tbk.;CBDK
Bangun Kosambi Sukses Tbk;CBDK
Bangun Kosambi Sukses;CBDK
CBMF;CBMF
Cahaya Bintang Medan Tbk.;CBMF
Cahaya Bintang Medan Tbk;CBMF
Cahaya Bintang Medan;CBMF
CBPE;CBPE
Citra Buana Prasida Tbk.;CBPE
Citra Buana Prasida Tbk;CBPE
Citra Buana Prasida;CBPE
CBRE;CBRE
Cakra Buana Resources Energi Tbk.;CBRE
Cakra Buana Resources Energi Tbk;CBRE
Cakra Buana Resources Energi;CBRE
CBUT;CBUT
Citra Borneo Utama Tbk.;CBUT
Citra Borneo Utama Tbk;CBUT
Citra Borneo Utama;CBUT
CCSI;CCSI
Communication Cable Systems Indonesia Tbk.;CCSI
Communication Cable Systems Indonesia Tbk;CCSI
Communication Cable Systems Indonesia;CCSI
CDIA;CDIA
Chandra Daya Investasi Tbk.;CDIA
Chandra Daya Investasi Tbk;CDIA
Chandra Daya Investasi;CDIA
CEKA;CEKA
Wilmar Cahaya Indonesia Tbk.;CEKA
Wilmar Cahaya Indonesia Tbk;CEKA
Wilmar Cahaya Indonesia;CEKA
CENT;CENT
Centratama Telekomunikasi Indonesia Tbk.;CENT
Centratama Telekomunikasi Indonesia Tbk;CENT
Centratama Telekomunikasi Indonesia;CENT
CFIN;CFIN
Clipan Finance Indonesia Tbk.;CFIN
Clipan Finance Indonesia Tbk;CFIN
Clipan Finance Indonesia;CFIN
CGAS;CGAS
Citra Nusantara Gemilang Tbk.;CGAS
Citra Nusantara Gemilang Tbk;CGAS
Citra Nusantara Gemilang;CGAS
CHEK;CHEK
Diastika Biotekindo Tbk.;CHEK
Diastika Biotekindo Tbk;CHEK
Diastika Biotekindo;CHEK
CHEM;CHEM
Chemstar Indonesia Tbk.;CHEM
Chemstar Indonesia Tbk;CHEM
Chemstar Indonesia;CHEM
CHIP;CHIP
Pelita Teknologi Global Tbk.;CHIP
Pelita Teknologi Global Tbk;CHIP
Pelita Teknologi Global;CHIP
CINT;CINT
Chitose Internasional Tbk.;CINT
Chitose Internasional Tbk;CINT
Chitose Internasional;CINT
CITA;CITA
Cita Mineral Investindo Tbk.;CITA
Cita Mineral Investindo Tbk;CITA
Cita Mineral Investindo;CITA
CITY;CITY
Natura City Developments Tbk.;CITY
Natura City Developments Tbk;CITY
Natura City Developments;CITY
CLAY;CLAY
Citra Putra Realty Tbk.;CLAY
Citra Putra Realty Tbk;CLAY
Citra Putra Realty;CLAY
CLEO;CLEO
Sariguna Primatirta Tbk.;CLEO
Sariguna Primatirta Tbk;CLEO
Sariguna Primatirta;CLEO
CLPI;CLPI
Colorpak Indonesia Tbk.;CLPI
Colorpak Indonesia Tbk;CLPI
Colorpak Indonesia;CLPI
CMNP;CMNP
Citra Marga Nusaphala Persada Tbk.;CMNP
Citra Marga Nusaphala Persada Tbk;CMNP
Citra Marga Nusaphala Persada;CMNP
CMNT;CMNT
Cemindo Gemilang Tbk.;CMNT
Cemindo Gemilang Tbk;CMNT
Cemindo Gemilang;CMNT
CMPP;CMPP
AirAsia Indonesia Tbk.;CMPP
AirAsia Indonesia Tbk;CMPP
AirAsia Indonesia;CMPP
CMRY;CMRY
Cisarua Mountain Dairy Tbk.;CMRY
Cisarua Mountain Dairy Tbk;CMRY
Cisarua Mountain Dairy;CMRY
CNKO;CNKO
Exploitasi Energi Indonesia Tbk.;CNKO
Exploitasi Energi Indonesia Tbk;CNKO
Exploitasi Energi Indonesia;CNKO
CNMA;CNMA
Nusantara Sejahtera Raya Tbk.;CNMA
Nusantara Sejahtera Raya Tbk;CNMA
Nusantara Sejahtera Raya;CNMA
CNTB;CNTB
Centex Tbk.;CNTB
Centex Tbk;CNTB
Centex;CNTB
CNTX;CNTX
Century Textile Industry Tbk.;CNTX
Century Textile Industry Tbk;CNTX
Century Textile Industry;CNTX
COAL;COAL
Black Diamond Resources Tbk.;COAL
Black Diamond Resources Tbk;COAL
Black Diamond Resources;COAL
COCO;COCO
Wahana Interfood Nusantara Tbk.;COCO
Wahana Interfood Nusantara Tbk;COCO
Wahana Interfood Nusantara;COCO
COIN;COIN
Indokripto Koin Semesta Tbk.;COIN
Indokripto Koin Semesta Tbk;COIN
Indokripto Koin Semesta;COIN
COWL;COWL
Cowell Development Tbk.;COWL
Cowell Development Tbk;COWL
Cowell Development;COWL
CPIN;CPIN
Charoen Pokphand Indonesia Tbk.;CPIN
Charoen Pokphand Indonesia Tbk;CPIN
Charoen Pokphand Indonesia;CPIN
CPRI;CPRI
Capri Nusa Satu Properti Tbk.;CPRI
Capri Nusa Satu Properti Tbk;CPRI
Capri Nusa Satu Properti;CPRI
CPRO;CPRO
Central Proteina Prima Tbk.;CPRO
Central Proteina Prima Tbk;CPRO
Central Proteina Prima;CPRO
CRAB;CRAB
Toba Surimi Industries Tbk.;CRAB
Toba Surimi Industries Tbk;CRAB
Toba Surimi Industries;CRAB
CRSN;CRSN
Carsurin Tbk.;CRSN
Carsurin Tbk;CRSN
Carsurin;CRSN
CSAP;CSAP
Catur Sentosa Adiprana Tbk.;CSAP
Catur Sentosa Adiprana Tbk;CSAP
Catur Sentosa Adiprana;CSAP
CSIS;CSIS
Cahayasakti Investindo Sukses Tbk.;CSIS
Cahayasakti Investindo Sukses Tbk;CSIS
Cahayasakti Investindo Sukses;CSIS
CSMI;CSMI
Cipta Selera Murni Tbk.;CSMI
Cipta Selera Murni Tbk;CSMI
Cipta Selera Murni;CSMI
CSRA;CSRA
Cisadane Sawit Raya Tbk.;CSRA
Cisadane Sawit Raya Tbk;CSRA
Cisadane Sawit Raya;CSRA
CTBN;CTBN
Citra Tubindo Tbk.;CTBN
Citra Tubindo Tbk;CTBN
Citra Tubindo;CTBN
CTRA;CTRA
Ciputra Development Tbk.;CTRA
Ciputra Development Tbk;CTRA
Ciputra Development;CTRA
CTTH;CTTH
Citatah Tbk.;CTTH
Citatah Tbk;CTTH
Citatah;CTTH
CUAN;CUAN
Petrindo Jaya Kreasi Tbk.;CUAN
Petrindo Jaya Kreasi Tbk;CUAN
Petrindo Jaya Kreasi;CUAN
CYBR;CYBR
ITSEC Asia Tbk.;CYBR
ITSEC Asia Tbk;CYBR
ITSEC Asia;CYBR
DAAZ;DAAZ
Daaz Bara Lestari Tbk.;DAAZ
Daaz Bara Lestari Tbk;DAAZ
Daaz Bara Lestari;DAAZ
DADA;DADA
Diamond Citra Propertindo Tbk.;DADA
Diamond Citra Propertindo Tbk;DADA
Diamond Citra Propertindo;DADA
DART;DART
Duta Anggada Realty Tbk.;DART
Duta Anggada Realty Tbk;DART
Duta Anggada Realty;DART
DATA;DATA
Remala Abadi Tbk.;DATA
Remala Abadi Tbk;DATA
Remala Abadi;DATA
DAYA;DAYA
Duta Intidaya Tbk.;DAYA
Duta Intidaya Tbk;DAYA
Duta Intidaya;DAYA
DCII;DCII
DCI Indonesia Tbk.;DCII
DCI Indonesia Tbk;DCII
DCI Indonesia;DCII
DEAL;DEAL
Dewata Freightinternational Tbk.;DEAL
Dewata Freightinternational Tbk;DEAL
Dewata Freightinternational;DEAL
DEFI;DEFI
Danasupra Erapacific Tbk.;DEFI
Danasupra Erapacific Tbk;DEFI
Danasupra Erapacific;DEFI
DEPO;DEPO
Caturkarda Depo Bangunan Tbk.;DEPO
Caturkarda Depo Bangunan Tbk;DEPO
Caturkarda Depo Bangunan;DEPO
DEWA;DEWA
Darma Henwa Tbk.;DEWA
Darma Henwa Tbk;DEWA
Darma Henwa;DEWA
DEWI;DEWI
Dewi Shri Farmindo Tbk.;DEWI
Dewi Shri Farmindo Tbk;DEWI
Dewi Shri Farmindo;DEWI
DFAM;DFAM
Dafam Property Indonesia Tbk.;DFAM
Dafam Property Indonesia Tbk;DFAM
Dafam Property Indonesia;DFAM
DGIK;DGIK
Nusa Konstruksi Enjiniring Tbk.;DGIK
Nusa Konstruksi Enjiniring Tbk;DGIK
Nusa Konstruksi Enjiniring;DGIK
DGNS;DGNS
Diagnos Laboratorium Utama Tbk.;DGNS
Diagnos Laboratorium Utama Tbk;DGNS
Diagnos Laboratorium Utama;DGNS
DGWG;DGWG
Delta Giri Wacana Tbk.;DGWG
Delta Giri Wacana Tbk;DGWG
Delta Giri Wacana;DGWG
DIGI;DIGI
Arkadia Digital Media Tbk.;DIGI
Arkadia Digital Media Tbk;DIGI
Arkadia Digital Media;DIGI
DILD;DILD
Intiland Development Tbk.;DILD
Intiland Development Tbk;DILD
Intiland Development;DILD
DIVA;DIVA
Distribusi Voucher Nusantara Tbk.;DIVA
Distribusi Voucher Nusantara Tbk;DIVA
Distribusi Voucher Nusantara;DIVA
DKFT;DKFT
Central Omega Resources Tbk.;DKFT
Central Omega Resources Tbk;DKFT
Central Omega Resources;DKFT
DKHH;DKHH
Cipta Sarana Medika Tbk.;DKHH
Cipta Sarana Medika Tbk;DKHH
Cipta Sarana Medika;DKHH
DLTA;DLTA
Delta Djakarta Tbk.;DLTA
Delta Djakarta Tbk;DLTA
Delta Djakarta;DLTA
DMAS;DMAS
Puradelta Lestari Tbk.;DMAS
Puradelta Lestari Tbk;DMAS
Puradelta Lestari;DMAS
DMMX;DMMX
Digital Mediatama Maxima Tbk.;DMMX
Digital Mediatama Maxima Tbk;DMMX
Digital Mediatama Maxima;DMMX
DMND;DMND
Diamond Food Indonesia Tbk.;DMND
Diamond Food Indonesia Tbk;DMND
Diamond Food Indonesia;DMND
DNAR;DNAR
Bank Oke Indonesia Tbk.;DNAR
Bank Oke Indonesia Tbk;DNAR
Bank Oke Indonesia;DNAR
DNET;DNET
Indoritel Makmur Internasional Tbk.;DNET
Indoritel Makmur Internasional Tbk;DNET
Indoritel Makmur Internasional;DNET
DOID;DOID
BUMA Internasional Grup Tbk.;DOID
BUMA Internasional Grup Tbk;DOID
BUMA Internasional Grup;DOID
DOOH;DOOH
Era Media Sejahtera Tbk.;DOOH
Era Media Sejahtera Tbk;DOOH
Era Media Sejahtera;DOOH
DOSS;DOSS
Global Sukses Digital Tbk.;DOSS
Global Sukses Digital Tbk;DOSS
Global Sukses Digital;DOSS
DPNS;DPNS
Duta Pertiwi Nusantara Tbk.;DPNS
Duta Pertiwi Nusantara Tbk;DPNS
Duta Pertiwi Nusantara;DPNS
DPUM;DPUM
Dua Putra Utama Makmur Tbk.;DPUM
Dua Putra Utama Makmur Tbk;DPUM
Dua Putra Utama Makmur;DPUM
DRMA;DRMA
Dharma Polimetal Tbk.;DRMA
Dharma Polimetal Tbk;DRMA
Dharma Polimetal;DRMA
DSFI;DSFI
Dharma Samudera Fishing Industries Tbk.;DSFI
Dharma Samudera Fishing Industries Tbk;DSFI
Dharma Samudera Fishing Industries;DSFI
DSNG;DSNG
Dharma Satya Nusantara Tbk.;DSNG
Dharma Satya Nusantara Tbk;DSNG
Dharma Satya Nusantara;DSNG
DSSA;DSSA
Dian Swastatika Sentosa Tbk.;DSSA
Dian Swastatika Sentosa Tbk;DSSA
Dian Swastatika Sentosa;DSSA
DUCK;DUCK
Jaya Bersama Indo Tbk.;DUCK
Jaya Bersama Indo Tbk;DUCK
Jaya Bersama Indo;DUCK
DUTI;DUTI
Duta Pertiwi Tbk.;DUTI
Duta Pertiwi Tbk;DUTI
Duta Pertiwi;DUTI
DVLA;DVLA
Darya-Varia Laboratoria Tbk.;DVLA
Darya-Varia Laboratoria Tbk;DVLA
Darya-Varia Laboratoria;DVLA
DWGL;DWGL
Dwi Guna Laksana Tbk.;DWGL
Dwi Guna Laksana Tbk;DWGL
Dwi Guna Laksana;DWGL
DYAN;DYAN
Dyandra Media International Tbk.;DYAN
Dyandra Media International Tbk;DYAN
Dyandra Media International;DYAN
EAST;EAST
Eastparc Hotel Tbk.;EAST
Eastparc Hotel Tbk;EAST
Eastparc Hotel;EAST
ECII;ECII
Electronic City Indonesia Tbk.;ECII
Electronic City Indonesia Tbk;ECII
Electronic City Indonesia;ECII
EDGE;EDGE
Indointernet Tbk.;EDGE
Indointernet Tbk;EDGE
Indointernet;EDGE
EKAD;EKAD
Ekadharma International Tbk.;EKAD
Ekadharma International Tbk;EKAD
Ekadharma International;EKAD
ELIT;ELIT
Data Sinergitama Jaya Tbk.;ELIT
Data Sinergitama Jaya Tbk;ELIT
Data Sinergitama Jaya;ELIT
ELPI;ELPI
Pelayaran Nasional Ekalya Purnamasari Tbk.;ELPI
Pelayaran Nasional Ekalya Purnamasari Tbk;ELPI
Pelayaran Nasional Ekalya Purnamasari;ELPI
ELSA;ELSA
Elnusa Tbk.;ELSA
Elnusa Tbk;ELSA
Elnusa;ELSA
ELTY;ELTY
Bakrieland Development Tbk.;ELTY
Bakrieland Development Tbk;ELTY
Bakrieland Development;ELTY
EMAS;EMAS
Merdeka Gold Resources Tbk.;EMAS
Merdeka Gold Resources Tbk;EMAS
Merdeka Gold Resources;EMAS
EMDE;EMDE
Megapolitan Developments Tbk.;EMDE
Megapolitan Developments Tbk;EMDE
Megapolitan Developments;EMDE
EMMI;EMMI
Esa Medika Mandiri Tbk.;EMMI
Esa Medika Mandiri Tbk;EMMI
Esa Medika Mandiri;EMMI
EMTK;EMTK
Elang Mahkota Teknologi Tbk.;EMTK
Elang Mahkota Teknologi Tbk;EMTK
Elang Mahkota Teknologi;EMTK
ENAK;ENAK
Champ Resto Indonesia Tbk.;ENAK
Champ Resto Indonesia Tbk;ENAK
Champ Resto Indonesia;ENAK
ENRG;ENRG
Energi Mega Persada Tbk.;ENRG
Energi Mega Persada Tbk;ENRG
Energi Mega Persada;ENRG
ENVY;ENVY
Envy Technologies Indonesia Tbk.;ENVY
Envy Technologies Indonesia Tbk;ENVY
Envy Technologies Indonesia;ENVY
ENZO;ENZO
Morenzo Abadi Perkasa Tbk.;ENZO
Morenzo Abadi Perkasa Tbk;ENZO
Morenzo Abadi Perkasa;ENZO
EPAC;EPAC
Megalestari Epack Sentosaraya Tbk.;EPAC
Megalestari Epack Sentosaraya Tbk;EPAC
Megalestari Epack Sentosaraya;EPAC
EPMT;EPMT
Enseval Putera Megatrading Tbk.;EPMT
Enseval Putera Megatrading Tbk;EPMT
Enseval Putera Megatrading;EPMT
ERAA;ERAA
Erajaya Swasembada Tbk.;ERAA
Erajaya Swasembada Tbk;ERAA
Erajaya Swasembada;ERAA
ERAL;ERAL
Sinar Eka Selaras Tbk.;ERAL
Sinar Eka Selaras Tbk;ERAL
Sinar Eka Selaras;ERAL
ERTX;ERTX
Eratex Djaja Tbk.;ERTX
Eratex Djaja Tbk;ERTX
Eratex Djaja;ERTX
ESIP;ESIP
Sinergi Inti Plastindo Tbk.;ESIP
Sinergi Inti Plastindo Tbk;ESIP
Sinergi Inti Plastindo;ESIP
ESSA;ESSA
ESSA Industries Indonesia Tbk.;ESSA
ESSA Industries Indonesia Tbk;ESSA
ESSA Industries Indonesia;ESSA
ESTA;ESTA
Esta Multi Usaha Tbk.;ESTA
Esta Multi Usaha Tbk;ESTA
Esta Multi Usaha;ESTA
ESTI;ESTI
Ever Shine Tex Tbk.;ESTI
Ever Shine Tex Tbk;ESTI
Ever Shine Tex;ESTI
ETWA;ETWA
Eterindo Wahanatama Tbk.;ETWA
Eterindo Wahanatama Tbk;ETWA
Eterindo Wahanatama;ETWA
EURO;EURO
Estee Gold Feet Tbk.;EURO
Estee Gold Feet Tbk;EURO
Estee Gold Feet;EURO
EXCL;EXCL
XLSMART Telecom Sejahtera Tbk.;EXCL
XLSMART Telecom Sejahtera Tbk;EXCL
XLSMART Telecom Sejahtera;EXCL
FAPA;FAPA
FAP Agri Tbk.;FAPA
FAP Agri Tbk;FAPA
FAP Agri;FAPA
FAST;FAST
Fast Food Indonesia Tbk.;FAST
Fast Food Indonesia Tbk;FAST
Fast Food Indonesia;FAST
FASW;FASW
Fajar Surya Wisesa Tbk.;FASW
Fajar Surya Wisesa Tbk;FASW
Fajar Surya Wisesa;FASW
FILM;FILM
MD Entertainment Tbk.;FILM
MD Entertainment Tbk;FILM
MD Entertainment;FILM
FIMP;FIMP
Fimperkasa Utama Tbk.;FIMP
Fimperkasa Utama Tbk;FIMP
Fimperkasa Utama;FIMP
FIRE;FIRE
Alfa Energi Investama Tbk.;FIRE
Alfa Energi Investama Tbk;FIRE
Alfa Energi Investama;FIRE
FISH;FISH
FKS Multi Agro Tbk.;FISH
FKS Multi Agro Tbk;FISH
FKS Multi Agro;FISH
FITT;FITT
Hotel Fitra International Tbk.;FITT
Hotel Fitra International Tbk;FITT
Hotel Fitra International;FITT
FLMC;FLMC
Falmaco Nonwoven Industri Tbk.;FLMC
Falmaco Nonwoven Industri Tbk;FLMC
Falmaco Nonwoven Industri;FLMC
FMII;FMII
Fortune Mate Indonesia Tbk.;FMII
Fortune Mate Indonesia Tbk;FMII
Fortune Mate Indonesia;FMII
FOLK;FOLK
Multi Garam Utama Tbk.;FOLK
Multi Garam Utama Tbk;FOLK
Multi Garam Utama;FOLK
FOOD;FOOD
Sentra Food Indonesia Tbk.;FOOD
Sentra Food Indonesia Tbk;FOOD
Sentra Food Indonesia;FOOD
FORE;FORE
Fore Kopi Indonesia Tbk.;FORE
Fore Kopi Indonesia Tbk;FORE
Fore Kopi Indonesia;FORE
FORU;FORU
Fortune Indonesia Tbk.;FORU
Fortune Indonesia Tbk;FORU
Fortune Indonesia;FORU
FPNI;FPNI
Lotte Chemical Titan Tbk.;FPNI
Lotte Chemical Titan Tbk;FPNI
Lotte Chemical Titan;FPNI
FUJI;FUJI
Fuji Finance Indonesia Tbk.;FUJI
Fuji Finance Indonesia Tbk;FUJI
Fuji Finance Indonesia;FUJI
FUTR;FUTR
Futura Energi Global Tbk.;FUTR
Futura Energi Global Tbk;FUTR
Futura Energi Global;FUTR
FWCT;FWCT
Wijaya Cahaya Timber Tbk.;FWCT
Wijaya Cahaya Timber Tbk;FWCT
Wijaya Cahaya Timber;FWCT
GAMA;GAMA
Aksara Global Development Tbk.;GAMA
Aksara Global Development Tbk;GAMA
Aksara Global Development;GAMA
GDST;GDST
Gunawan Dianjaya Steel Tbk.;GDST
Gunawan Dianjaya Steel Tbk;GDST
Gunawan Dianjaya Steel;GDST
GDYR;GDYR
Goodyear Indonesia Tbk.;GDYR
Goodyear Indonesia Tbk;GDYR
Goodyear Indonesia;GDYR
GEMA;GEMA
Gema Grahasarana Tbk.;GEMA
Gema Grahasarana Tbk;GEMA
Gema Grahasarana;GEMA
GEMS;GEMS
Golden Energy Mines Tbk.;GEMS
Golden Energy Mines Tbk;GEMS
Golden Energy Mines;GEMS
GGRM;GGRM
Gudang Garam Tbk.;GGRM
Gudang Garam Tbk;GGRM
Gudang Garam;GGRM
GGRP;GGRP
Gunung Raja Paksi Tbk.;GGRP
Gunung Raja Paksi Tbk;GGRP
Gunung Raja Paksi;GGRP
GHON;GHON
Gihon Telekomunikasi Indonesia Tbk.;GHON
Gihon Telekomunikasi Indonesia Tbk;GHON
Gihon Telekomunikasi Indonesia;GHON
GIAA;GIAA
Garuda Indonesia (Persero) Tbk.;GIAA
Garuda Indonesia (Persero) Tbk;GIAA
Garuda Indonesia (Persero);GIAA
GJTL;GJTL
Gajah Tunggal Tbk.;GJTL
Gajah Tunggal Tbk;GJTL
Gajah Tunggal;GJTL
GLOB;GLOB
Globe Kita Terang Tbk.;GLOB
Globe Kita Terang Tbk;GLOB
Globe Kita Terang;GLOB
GLVA;GLVA
Galva Technologies Tbk.;GLVA
Galva Technologies Tbk;GLVA
Galva Technologies;GLVA
GMFI;GMFI
Garuda Maintenance Facility Aero Asia Tbk.;GMFI
Garuda Maintenance Facility Aero Asia Tbk;GMFI
Garuda Maintenance Facility Aero Asia;GMFI
GMTD;GMTD
Gowa Makassar Tourism Development Tbk.;GMTD
Gowa Makassar Tourism Development Tbk;GMTD
Gowa Makassar Tourism Development;GMTD
GOLD;GOLD
Visi Telekomunikasi Infrastruktur Tbk.;GOLD
Visi Telekomunikasi Infrastruktur Tbk;GOLD
Visi Telekomunikasi Infrastruktur;GOLD
GOLF;GOLF
Intra Golflink Resorts Tbk.;GOLF
Intra Golflink Resorts Tbk;GOLF
Intra Golflink Resorts;GOLF
GOLL;GOLL
Golden Plantation Tbk.;GOLL
Golden Plantation Tbk;GOLL
Golden Plantation;GOLL
GOOD;GOOD
Garudafood Putra Putri Jaya Tbk.;GOOD
Garudafood Putra Putri Jaya Tbk;GOOD
Garudafood Putra Putri Jaya;GOOD
GOTO;GOTO
GoTo Gojek Tokopedia Tbk.;GOTO
GoTo Gojek Tokopedia Tbk;GOTO
GoTo Gojek Tokopedia;GOTO
GOTOM;GOTOM
MVS GoTo Gojek Tokopedia Tbk.;GOTOM
MVS GoTo Gojek Tokopedia Tbk;GOTOM
MVS GoTo Gojek Tokopedia;GOTOM
GPRA;GPRA
Perdana Gapuraprima Tbk.;GPRA
Perdana Gapuraprima Tbk;GPRA
Perdana Gapuraprima;GPRA
GPSO;GPSO
Geoprima Solusi Tbk.;GPSO
Geoprima Solusi Tbk;GPSO
Geoprima Solusi;GPSO
GRIA;GRIA
Ingria Pratama Capitalindo Tbk.;GRIA
Ingria Pratama Capitalindo Tbk;GRIA
Ingria Pratama Capitalindo;GRIA
GRPH;GRPH
Griptha Putra Persada Tbk.;GRPH
Griptha Putra Persada Tbk;GRPH
Griptha Putra Persada;GRPH
GRPM;GRPM
Graha Prima Mentari Tbk.;GRPM
Graha Prima Mentari Tbk;GRPM
Graha Prima Mentari;GRPM
GSMF;GSMF
Equity Development Investment Tbk.;GSMF
Equity Development Investment Tbk;GSMF
Equity Development Investment;GSMF
GTBO;GTBO
Garda Tujuh Buana Tbk.;GTBO
Garda Tujuh Buana Tbk;GTBO
Garda Tujuh Buana;GTBO
GTRA;GTRA
Grahaprima Suksesmandiri Tbk.;GTRA
Grahaprima Suksesmandiri Tbk;GTRA
Grahaprima Suksesmandiri;GTRA
GTSI;GTSI
GTS Internasional Tbk.;GTSI
GTS Internasional Tbk;GTSI
GTS Internasional;GTSI
GULA;GULA
Aman Agrindo Tbk.;GULA
Aman Agrindo Tbk;GULA
Aman Agrindo;GULA
GUNA;GUNA
Gunanusa Eramandiri Tbk.;GUNA
Gunanusa Eramandiri Tbk;GUNA
Gunanusa Eramandiri;GUNA
GWSA;GWSA
Greenwood Sejahtera Tbk.;GWSA
Greenwood Sejahtera Tbk;GWSA
Greenwood Sejahtera;GWSA
GZCO;GZCO
Gozco Plantations Tbk.;GZCO
Gozco Plantations Tbk;GZCO
Gozco Plantations;GZCO
HADE;HADE
Himalaya Energi Perkasa Tbk.;HADE
Himalaya Energi Perkasa Tbk;HADE
Himalaya Energi Perkasa;HADE
HAIS;HAIS
Hasnur Internasional Shipping Tbk.;HAIS
Hasnur Internasional Shipping Tbk;HAIS
Hasnur Internasional Shipping;HAIS
HAJJ;HAJJ
Arsy Buana Travelindo Tbk.;HAJJ
Arsy Buana Travelindo Tbk;HAJJ
Arsy Buana Travelindo;HAJJ
HALO;HALO
Haloni Jane Tbk.;HALO
Haloni Jane Tbk;HALO
Haloni Jane;HALO
HATM;HATM
Habco Trans Maritima Tbk.;HATM
Habco Trans Maritima Tbk;HATM
Habco Trans Maritima;HATM
HBAT;HBAT
Minahasa Membangun Hebat Tbk.;HBAT
Minahasa Membangun Hebat Tbk;HBAT
Minahasa Membangun Hebat;HBAT
HDFA;HDFA
Radana Bhaskara Finance Tbk.;HDFA
Radana Bhaskara Finance Tbk;HDFA
Radana Bhaskara Finance;HDFA
HDIT;HDIT
Hensel Davest Indonesia Tbk.;HDIT
Hensel Davest Indonesia Tbk;HDIT
Hensel Davest Indonesia;HDIT
HEAL;HEAL
Medikaloka Hermina Tbk.;HEAL
Medikaloka Hermina Tbk;HEAL
Medikaloka Hermina;HEAL
HELI;HELI
Jaya Trishindo Tbk.;HELI
Jaya Trishindo Tbk;HELI
Jaya Trishindo;HELI
HERO;HERO
DFI Retail Nusantara Tbk.;HERO
DFI Retail Nusantara Tbk;HERO
DFI Retail Nusantara;HERO
HEXA;HEXA
Hexindo Adiperkasa Tbk.;HEXA
Hexindo Adiperkasa Tbk;HEXA
Hexindo Adiperkasa;HEXA
HGII;HGII
Hero Global Investment Tbk.;HGII
Hero Global Investment Tbk;HGII
Hero Global Investment;HGII
HILL;HILL
Hillcon Tbk.;HILL
Hillcon Tbk;HILL
Hillcon;HILL
HITS;HITS
Humpuss Intermoda Transportasi Tbk.;HITS
Humpuss Intermoda Transportasi Tbk;HITS
Humpuss Intermoda Transportasi;HITS
HKMU;HKMU
HK Metals Utama Tbk.;HKMU
HK Metals Utama Tbk;HKMU
HK Metals Utama;HKMU
HMSP;HMSP
H.M. Sampoerna Tbk.;HMSP
H.M. Sampoerna Tbk;HMSP
H.M. Sampoerna;HMSP
HOKI;HOKI
Buyung Poetra Sembada Tbk.;HOKI
Buyung Poetra Sembada Tbk;HOKI
Buyung Poetra Sembada;HOKI
HOME;HOME
Hotel Mandarine Regency Tbk.;HOME
Hotel Mandarine Regency Tbk;HOME
Hotel Mandarine Regency;HOME
HOMI;HOMI
Grand House Mulia Tbk.;HOMI
Grand House Mulia Tbk;HOMI
Grand House Mulia;HOMI
HOPE;HOPE
Harapan Duta Pertiwi Tbk.;HOPE
Harapan Duta Pertiwi Tbk;HOPE
Harapan Duta Pertiwi;HOPE
HOTL;HOTL
Saraswati Griya Lestari Tbk.;HOTL
Saraswati Griya Lestari Tbk;HOTL
Saraswati Griya Lestari;HOTL
HRME;HRME
Menteng Heritage Realty Tbk.;HRME
Menteng Heritage Realty Tbk;HRME
Menteng Heritage Realty;HRME
HRTA;HRTA
Hartadinata Abadi Tbk.;HRTA
Hartadinata Abadi Tbk;HRTA
Hartadinata Abadi;HRTA
HRUM;HRUM
Harum Energy Tbk.;HRUM
Harum Energy Tbk;HRUM
Harum Energy;HRUM
HUMI;HUMI
Humpuss Maritim Internasional Tbk.;HUMI
Humpuss Maritim Internasional Tbk;HUMI
Humpuss Maritim Internasional;HUMI
HYGN;HYGN
Ecocare Indo Pasifik Tbk.;HYGN
Ecocare Indo Pasifik Tbk;HYGN
Ecocare Indo Pasifik;HYGN
IATA;IATA
Karya Pacific Energy Tbk.;IATA
Karya Pacific Energy Tbk;IATA
Karya Pacific Energy;IATA
IBFN;IBFN
Intan Baru Prana Tbk.;IBFN
Intan Baru Prana Tbk;IBFN
Intan Baru Prana;IBFN
IBOS;IBOS
Indo Boga Sukses Tbk.;IBOS
Indo Boga Sukses Tbk;IBOS
Indo Boga Sukses;IBOS
IBST;IBST
Inti Bangun Sejahtera Tbk.;IBST
Inti Bangun Sejahtera Tbk;IBST
Inti Bangun Sejahtera;IBST
ICBP;ICBP
Indofood CBP Sukses Makmur Tbk.;ICBP
Indofood CBP Sukses Makmur Tbk;ICBP
Indofood CBP Sukses Makmur;ICBP
ICON;ICON
Island Concepts Indonesia Tbk.;ICON
Island Concepts Indonesia Tbk;ICON
Island Concepts Indonesia;ICON
IDEA;IDEA
Idea Indonesia Akademi Tbk.;IDEA
Idea Indonesia Akademi Tbk;IDEA
Idea Indonesia Akademi;IDEA
IDPR;IDPR
Indonesia Pondasi Raya Tbk.;IDPR
Indonesia Pondasi Raya Tbk;IDPR
Indonesia Pondasi Raya;IDPR
IFII;IFII
Indonesia Fibreboard Industry Tbk.;IFII
Indonesia Fibreboard Industry Tbk;IFII
Indonesia Fibreboard Industry;IFII
IFSH;IFSH
Ifishdeco Tbk.;IFSH
Ifishdeco Tbk;IFSH
Ifishdeco;IFSH
IGAR;IGAR
Champion Pacific Indonesia Tbk.;IGAR
Champion Pacific Indonesia Tbk;IGAR
Champion Pacific Indonesia;IGAR
IIKP;IIKP
Inti Agri Resources Tbk.;IIKP
Inti Agri Resources Tbk;IIKP
Inti Agri Resources;IIKP
IKAI;IKAI
Intikeramik Alamasri Industri Tbk.;IKAI
Intikeramik Alamasri Industri Tbk;IKAI
Intikeramik Alamasri Industri;IKAI
IKAN;IKAN
Era Mandiri Cemerlang Tbk.;IKAN
Era Mandiri Cemerlang Tbk;IKAN
Era Mandiri Cemerlang;IKAN
IKBI;IKBI
Sumi Indo Kabel Tbk.;IKBI
Sumi Indo Kabel Tbk;IKBI
Sumi Indo Kabel;IKBI
IKPM;IKPM
Ikapharmindo Putramas Tbk.;IKPM
Ikapharmindo Putramas Tbk;IKPM
Ikapharmindo Putramas;IKPM
IMAS;IMAS
Indomobil Sukses Internasional Tbk.;IMAS
Indomobil Sukses Internasional Tbk;IMAS
Indomobil Sukses Internasional;IMAS
IMJS;IMJS
Indomobil Multi Jasa Tbk.;IMJS
Indomobil Multi Jasa Tbk;IMJS
Indomobil Multi Jasa;IMJS
IMPC;IMPC
Impack Pratama Industri Tbk.;IMPC
Impack Pratama Industri Tbk;IMPC
Impack Pratama Industri;IMPC
INAF;INAF
Indofarma Tbk.;INAF
Indofarma Tbk;INAF
Indofarma;INAF
INAI;INAI
Indal Aluminium Industry Tbk.;INAI
Indal Aluminium Industry Tbk;INAI
Indal Aluminium Industry;INAI
INCF;INCF
Indo Komoditi Korpora Tbk.;INCF
Indo Komoditi Korpora Tbk;INCF
Indo Komoditi Korpora;INCF
INCI;INCI
Intanwijaya Internasional Tbk.;INCI
Intanwijaya Internasional Tbk;INCI
Intanwijaya Internasional;INCI
INCO;INCO
Vale Indonesia Tbk.;INCO
Vale Indonesia Tbk;INCO
Vale Indonesia;INCO
INDF;INDF
Indofood Sukses Makmur Tbk.;INDF
Indofood Sukses Makmur Tbk;INDF
Indofood Sukses Makmur;INDF
INDO;INDO
Royalindo Investa Wijaya Tbk.;INDO
Royalindo Investa Wijaya Tbk;INDO
Royalindo Investa Wijaya;INDO
INDR;INDR
Indo-Rama Synthetics Tbk.;INDR
Indo-Rama Synthetics Tbk;INDR
Indo-Rama Synthetics;INDR
INDS;INDS
Indospring Tbk.;INDS
Indospring Tbk;INDS
Indospring;INDS
INDX;INDX
Tanah Laut Tbk.;INDX
Tanah Laut Tbk;INDX
Tanah Laut;INDX
INDY;INDY
Indika Energy Tbk.;INDY
Indika Energy Tbk;INDY
Indika Energy;INDY
INET;INET
Sinergi Inti Andalan Prima Tbk.;INET
Sinergi Inti Andalan Prima Tbk;INET
Sinergi Inti Andalan Prima;INET
INKP;INKP
Indah Kiat Pulp & Paper Tbk.;INKP
Indah Kiat Pulp & Paper Tbk;INKP
Indah Kiat Pulp & Paper;INKP
INOV;INOV
Inocycle Technology Group Tbk.;INOV
Inocycle Technology Group Tbk;INOV
Inocycle Technology Group;INOV
INPC;INPC
Bank Artha Graha Internasional Tbk.;INPC
Bank Artha Graha Internasional Tbk;INPC
Bank Artha Graha Internasional;INPC
INPP;INPP
Indonesian Paradise Property Tbk.;INPP
Indonesian Paradise Property Tbk;INPP
Indonesian Paradise Property;INPP
INPS;INPS
Indah Prakasa Sentosa Tbk.;INPS
Indah Prakasa Sentosa Tbk;INPS
Indah Prakasa Sentosa;INPS
INRU;INRU
Toba Pulp Lestari Tbk.;INRU
Toba Pulp Lestari Tbk;INRU
Toba Pulp Lestari;INRU
INTA;INTA
Intraco Penta Tbk.;INTA
Intraco Penta Tbk;INTA
Intraco Penta;INTA
INTD;INTD
Inter Delta Tbk.;INTD
Inter Delta Tbk;INTD
Inter Delta;INTD
INTP;INTP
Indocement Tunggal Prakarsa Tbk.;INTP
Indocement Tunggal Prakarsa Tbk;INTP
Indocement Tunggal Prakarsa;INTP
IOTF;IOTF
Sumber Sinergi Makmur Tbk.;IOTF
Sumber Sinergi Makmur Tbk;IOTF
Sumber Sinergi Makmur;IOTF
IPAC;IPAC
Era Graharealty Tbk.;IPAC
Era Graharealty Tbk;IPAC
Era Graharealty;IPAC
IPCC;IPCC
Indonesia Kendaraan Terminal Tbk.;IPCC
Indonesia Kendaraan Terminal Tbk;IPCC
Indonesia Kendaraan Terminal;IPCC
IPCM;IPCM
Jasa Armada Indonesia Tbk.;IPCM
Jasa Armada Indonesia Tbk;IPCM
Jasa Armada Indonesia;IPCM
IPOL;IPOL
Indopoly Swakarsa Industry Tbk.;IPOL
Indopoly Swakarsa Industry Tbk;IPOL
Indopoly Swakarsa Industry;IPOL
IPPE;IPPE
Indo Pureco Pratama Tbk.;IPPE
Indo Pureco Pratama Tbk;IPPE
Indo Pureco Pratama;IPPE
IPTV;IPTV
MNC Vision Networks Tbk.;IPTV
MNC Vision Networks Tbk;IPTV
MNC Vision Networks;IPTV
IRRA;IRRA
Itama Ranoraya Tbk.;IRRA
Itama Ranoraya Tbk;IRRA
Itama Ranoraya;IRRA
IRSX;IRSX
Folago Global Nusantara Tbk.;IRSX
Folago Global Nusantara Tbk;IRSX
Folago Global Nusantara;IRSX
ISAP;ISAP
Isra Presisi Indonesia Tbk.;ISAP
Isra Presisi Indonesia Tbk;ISAP
Isra Presisi Indonesia;ISAP
ISAT;ISAT
Indosat Tbk.;ISAT
Indosat Tbk;ISAT
Indosat;ISAT
ISEA;ISEA
Indo American Seafoods Tbk.;ISEA
Indo American Seafoods Tbk;ISEA
Indo American Seafoods;ISEA
ISSP;ISSP
Steel Pipe Industry of Indonesia Tbk.;ISSP
Steel Pipe Industry of Indonesia Tbk;ISSP
Steel Pipe Industry of Indonesia;ISSP
ITIC;ITIC
Indonesian Tobacco Tbk.;ITIC
Indonesian Tobacco Tbk;ITIC
Indonesian Tobacco;ITIC
ITMA;ITMA
Sumber Energi Andalan Tbk.;ITMA
Sumber Energi Andalan Tbk;ITMA
Sumber Energi Andalan;ITMA
ITMG;ITMG
Indo Tambangraya Megah Tbk.;ITMG
Indo Tambangraya Megah Tbk;ITMG
Indo Tambangraya Megah;ITMG
JARR;JARR
Jhonlin Agro Raya Tbk.;JARR
Jhonlin Agro Raya Tbk;JARR
Jhonlin Agro Raya;JARR
JAST;JAST
Jasnita Telekomindo Tbk.;JAST
Jasnita Telekomindo Tbk;JAST
Jasnita Telekomindo;JAST
JATI;JATI
Informasi Teknologi Indonesia Tbk.;JATI
Informasi Teknologi Indonesia Tbk;JATI
Informasi Teknologi Indonesia;JATI
JAWA;JAWA
Jaya Agra Wattie Tbk.;JAWA
Jaya Agra Wattie Tbk;JAWA
Jaya Agra Wattie;JAWA
JAYA;JAYA
Armada Berjaya Trans Tbk.;JAYA
Armada Berjaya Trans Tbk;JAYA
Armada Berjaya Trans;JAYA
JECC;JECC
Jembo Cable Company Tbk.;JECC
Jembo Cable Company Tbk;JECC
Jembo Cable Company;JECC
JECX;JECX
Nitrasanata Dharma Tbk.;JECX
Nitrasanata Dharma Tbk;JECX
Nitrasanata Dharma;JECX
JELI;JELI
Niramas Utama Tbk.;JELI
Niramas Utama Tbk;JELI
Niramas Utama;JELI
JGLE;JGLE
Graha Andrasentra Propertindo Tbk.;JGLE
Graha Andrasentra Propertindo Tbk;JGLE
Graha Andrasentra Propertindo;JGLE
JIHD;JIHD
Jakarta International Hotels & Development Tbk.;JIHD
Jakarta International Hotels & Development Tbk;JIHD
Jakarta International Hotels & Development;JIHD
JKON;JKON
Jaya Konstruksi Manggala Pratama Tbk.;JKON
Jaya Konstruksi Manggala Pratama Tbk;JKON
Jaya Konstruksi Manggala Pratama;JKON
JMAS;JMAS
Asuransi Jiwa Syariah Jasa Mitra Abadi Tbk.;JMAS
Asuransi Jiwa Syariah Jasa Mitra Abadi Tbk;JMAS
Asuransi Jiwa Syariah Jasa Mitra Abadi;JMAS
JPFA;JPFA
Japfa Comfeed Indonesia Tbk.;JPFA
Japfa Comfeed Indonesia Tbk;JPFA
Japfa Comfeed Indonesia;JPFA
JRPT;JRPT
Jaya Real Property Tbk.;JRPT
Jaya Real Property Tbk;JRPT
Jaya Real Property;JRPT
JSKY;JSKY
Sky Energy Indonesia Tbk.;JSKY
Sky Energy Indonesia Tbk;JSKY
Sky Energy Indonesia;JSKY
JSMR;JSMR
Jasa Marga (Persero) Tbk.;JSMR
Jasa Marga (Persero) Tbk;JSMR
Jasa Marga (Persero);JSMR
JSPT;JSPT
Jakarta Setiabudi Internasional Tbk.;JSPT
Jakarta Setiabudi Internasional Tbk;JSPT
Jakarta Setiabudi Internasional;JSPT
JTPE;JTPE
Jasuindo Tiga Perkasa Tbk.;JTPE
Jasuindo Tiga Perkasa Tbk;JTPE
Jasuindo Tiga Perkasa;JTPE
KAEF;KAEF
Kimia Farma Tbk.;KAEF
Kimia Farma Tbk;KAEF
Kimia Farma;KAEF
KAQI;KAQI
Jantra Grupo Indonesia Tbk.;KAQI
Jantra Grupo Indonesia Tbk;KAQI
Jantra Grupo Indonesia;KAQI
KARW;KARW
Meratus Jasa Prima Tbk.;KARW
Meratus Jasa Prima Tbk;KARW
Meratus Jasa Prima;KARW
KAYU;KAYU
Darmi Bersaudara Tbk.;KAYU
Darmi Bersaudara Tbk;KAYU
Darmi Bersaudara;KAYU
KBAG;KBAG
Karya Bersama Anugerah Tbk.;KBAG
Karya Bersama Anugerah Tbk;KBAG
Karya Bersama Anugerah;KBAG
KBLI;KBLI
KMI Wire & Cable Tbk.;KBLI
KMI Wire & Cable Tbk;KBLI
KMI Wire & Cable;KBLI
KBLM;KBLM
Kabelindo Murni Tbk.;KBLM
Kabelindo Murni Tbk;KBLM
Kabelindo Murni;KBLM
KBLV;KBLV
First Media Tbk.;KBLV
First Media Tbk;KBLV
First Media;KBLV
KBRI;KBRI
Kertas Basuki Rachmat Indonesia Tbk.;KBRI
Kertas Basuki Rachmat Indonesia Tbk;KBRI
Kertas Basuki Rachmat Indonesia;KBRI
KDSI;KDSI
Kedawung Setia Industrial Tbk.;KDSI
Kedawung Setia Industrial Tbk;KDSI
Kedawung Setia Industrial;KDSI
KDTN;KDTN
Puri Sentul Permai Tbk.;KDTN
Puri Sentul Permai Tbk;KDTN
Puri Sentul Permai;KDTN
KEEN;KEEN
Kencana Energi Lestari Tbk.;KEEN
Kencana Energi Lestari Tbk;KEEN
Kencana Energi Lestari;KEEN
KEJU;KEJU
Mulia Boga Raya Tbk.;KEJU
Mulia Boga Raya Tbk;KEJU
Mulia Boga Raya;KEJU
KETR;KETR
Ketrosden Triasmitra Tbk.;KETR
Ketrosden Triasmitra Tbk;KETR
Ketrosden Triasmitra;KETR
KIAS;KIAS
Keramika Indonesia Assosiasi Tbk.;KIAS
Keramika Indonesia Assosiasi Tbk;KIAS
Keramika Indonesia Assosiasi;KIAS
KICI;KICI
Kedaung Indah Can Tbk.;KICI
Kedaung Indah Can Tbk;KICI
Kedaung Indah Can;KICI
KIJA;KIJA
Kawasan Industri Jababeka Tbk.;KIJA
Kawasan Industri Jababeka Tbk;KIJA
Kawasan Industri Jababeka;KIJA
KING;KING
Hoffmen Cleanindo Tbk.;KING
Hoffmen Cleanindo Tbk;KING
Hoffmen Cleanindo;KING
KINO;KINO
Kino Indonesia Tbk.;KINO
Kino Indonesia Tbk;KINO
Kino Indonesia;KINO
KIOS;KIOS
Kioson Komersial Indonesia Tbk.;KIOS
Kioson Komersial Indonesia Tbk;KIOS
Kioson Komersial Indonesia;KIOS
KJEN;KJEN
Krida Jaringan Nusantara Tbk.;KJEN
Krida Jaringan Nusantara Tbk;KJEN
Krida Jaringan Nusantara;KJEN
KKES;KKES
Kusuma Kemindo Sentosa Tbk.;KKES
Kusuma Kemindo Sentosa Tbk;KKES
Kusuma Kemindo Sentosa;KKES
KKGI;KKGI
Resource Alam Indonesia Tbk.;KKGI
Resource Alam Indonesia Tbk;KKGI
Resource Alam Indonesia;KKGI
KLAS;KLAS
Pelayaran Kurnia Lautan Semesta Tbk.;KLAS
Pelayaran Kurnia Lautan Semesta Tbk;KLAS
Pelayaran Kurnia Lautan Semesta;KLAS
KLBF;KLBF
Kalbe Farma Tbk.;KLBF
Kalbe Farma Tbk;KLBF
Kalbe Farma;KLBF
KLIN;KLIN
Klinko Karya Imaji Tbk.;KLIN
Klinko Karya Imaji Tbk;KLIN
Klinko Karya Imaji;KLIN
KMDS;KMDS
Kurniamitra Duta Sentosa Tbk.;KMDS
Kurniamitra Duta Sentosa Tbk;KMDS
Kurniamitra Duta Sentosa;KMDS
KMTR;KMTR
Kirana Megatara Tbk.;KMTR
Kirana Megatara Tbk;KMTR
Kirana Megatara;KMTR
KOBX;KOBX
Kobexindo Tractors Tbk.;KOBX
Kobexindo Tractors Tbk;KOBX
Kobexindo Tractors;KOBX
KOCI;KOCI
Kokoh Exa Nusantara Tbk.;KOCI
Kokoh Exa Nusantara Tbk;KOCI
Kokoh Exa Nusantara;KOCI
KOIN;KOIN
Kokoh Inti Arebama Tbk.;KOIN
Kokoh Inti Arebama Tbk;KOIN
Kokoh Inti Arebama;KOIN
KOKA;KOKA
Koka Indonesia Tbk.;KOKA
Koka Indonesia Tbk;KOKA
Koka Indonesia;KOKA
KONI;KONI
Perdana Bangun Pusaka Tbk.;KONI
Perdana Bangun Pusaka Tbk;KONI
Perdana Bangun Pusaka;KONI
KOPI;KOPI
Mitra Energi Persada Tbk.;KOPI
Mitra Energi Persada Tbk;KOPI
Mitra Energi Persada;KOPI
KOTA;KOTA
DMS Propertindo Tbk.;KOTA
DMS Propertindo Tbk;KOTA
DMS Propertindo;KOTA
KPIG;KPIG
MNC Tourism Indonesia Tbk.;KPIG
MNC Tourism Indonesia Tbk;KPIG
MNC Tourism Indonesia;KPIG
KRAS;KRAS
Krakatau Steel (Persero) Tbk.;KRAS
Krakatau Steel (Persero) Tbk;KRAS
Krakatau Steel (Persero);KRAS
KREN;KREN
Quantum Clovera Investama Tbk.;KREN
Quantum Clovera Investama Tbk;KREN
Quantum Clovera Investama;KREN
KRYA;KRYA
Bangun Karya Perkasa Jaya Tbk.;KRYA
Bangun Karya Perkasa Jaya Tbk;KRYA
Bangun Karya Perkasa Jaya;KRYA
KSIX;KSIX
Kentanix Supra International Tbk.;KSIX
Kentanix Supra International Tbk;KSIX
Kentanix Supra International;KSIX
KUAS;KUAS
Ace Oldfields Tbk.;KUAS
Ace Oldfields Tbk;KUAS
Ace Oldfields;KUAS
LABA;LABA
Green Power Group Tbk.;LABA
Green Power Group Tbk;LABA
Green Power Group;LABA
LABS;LABS
UBC Medical Indonesia Tbk.;LABS
UBC Medical Indonesia Tbk;LABS
UBC Medical Indonesia;LABS
LAJU;LAJU
Jasa Berdikari Logistics Tbk.;LAJU
Jasa Berdikari Logistics Tbk;LAJU
Jasa Berdikari Logistics;LAJU
LAND;LAND
Trimitra Propertindo Tbk.;LAND
Trimitra Propertindo Tbk;LAND
Trimitra Propertindo;LAND
LAPD;LAPD
Leyand International Tbk.;LAPD
Leyand International Tbk;LAPD
Leyand International;LAPD
LCGP;LCGP
Eureka Prima Jakarta Tbk.;LCGP
Eureka Prima Jakarta Tbk;LCGP
Eureka Prima Jakarta;LCGP
LCKM;LCKM
LCK Global Kedaton Tbk.;LCKM
LCK Global Kedaton Tbk;LCKM
LCK Global Kedaton;LCKM
LEAD;LEAD
Logindo Samudramakmur Tbk.;LEAD
Logindo Samudramakmur Tbk;LEAD
Logindo Samudramakmur;LEAD
LFLO;LFLO
Imago Mulia Persada Tbk.;LFLO
Imago Mulia Persada Tbk;LFLO
Imago Mulia Persada;LFLO
LIFE;LIFE
MSIG Life Insurance Indonesia Tbk.;LIFE
MSIG Life Insurance Indonesia Tbk;LIFE
MSIG Life Insurance Indonesia;LIFE
LINK;LINK
Link Net Tbk.;LINK
Link Net Tbk;LINK
Link Net;LINK
LION;LION
Lion Metal Works Tbk.;LION
Lion Metal Works Tbk;LION
Lion Metal Works;LION
LIVE;LIVE
Homeco Victoria Makmur Tbk.;LIVE
Homeco Victoria Makmur Tbk;LIVE
Homeco Victoria Makmur;LIVE
LMAS;LMAS
Limas Indonesia Makmur Tbk.;LMAS
Limas Indonesia Makmur Tbk;LMAS
Limas Indonesia Makmur;LMAS
LMAX;LMAX
Lupromax Pelumas Indonesia Tbk.;LMAX
Lupromax Pelumas Indonesia Tbk;LMAX
Lupromax Pelumas Indonesia;LMAX
LMPI;LMPI
Langgeng Makmur Industri Tbk.;LMPI
Langgeng Makmur Industri Tbk;LMPI
Langgeng Makmur Industri;LMPI
LMSH;LMSH
Lionmesh Prima Tbk.;LMSH
Lionmesh Prima Tbk;LMSH
Lionmesh Prima;LMSH
LOPI;LOPI
Logisticsplus International Tbk.;LOPI
Logisticsplus International Tbk;LOPI
Logisticsplus International;LOPI
LPCK;LPCK
Lippo Cikarang Tbk.;LPCK
Lippo Cikarang Tbk;LPCK
Lippo Cikarang;LPCK
LPGI;LPGI
Lippo General Insurance Tbk.;LPGI
Lippo General Insurance Tbk;LPGI
Lippo General Insurance;LPGI
LPIN;LPIN
Multi Prima Sejahtera Tbk.;LPIN
Multi Prima Sejahtera Tbk;LPIN
Multi Prima Sejahtera;LPIN
LPKR;LPKR
Lippo Karawaci Tbk.;LPKR
Lippo Karawaci Tbk;LPKR
Lippo Karawaci;LPKR
LPLI;LPLI
Star Pacific Tbk.;LPLI
Star Pacific Tbk;LPLI
Star Pacific;LPLI
LPPF;LPPF
MDS Retailing Tbk.;LPPF
MDS Retailing Tbk;LPPF
MDS Retailing;LPPF
LPPS;LPPS
Lenox Pasifik Investama Tbk.;LPPS
Lenox Pasifik Investama Tbk;LPPS
Lenox Pasifik Investama;LPPS
LRNA;LRNA
Eka Sari Lorena Transport Tbk.;LRNA
Eka Sari Lorena Transport Tbk;LRNA
Eka Sari Lorena Transport;LRNA
LSIP;LSIP
PP London Sumatra Indonesia Tbk.;LSIP
PP London Sumatra Indonesia Tbk;LSIP
PP London Sumatra Indonesia;LSIP
LTLS;LTLS
Lautan Luas Tbk.;LTLS
Lautan Luas Tbk;LTLS
Lautan Luas;LTLS
LUCK;LUCK
Sentral Mitra Informatika Tbk.;LUCK
Sentral Mitra Informatika Tbk;LUCK
Sentral Mitra Informatika;LUCK
LUCY;LUCY
Lima Dua Lima Tiga Tbk.;LUCY
Lima Dua Lima Tiga Tbk;LUCY
Lima Dua Lima Tiga;LUCY
MABA;MABA
Marga Abhinaya Abadi Tbk.;MABA
Marga Abhinaya Abadi Tbk;MABA
Marga Abhinaya Abadi;MABA
MAGP;MAGP
Multi Agro Gemilang Plantation Tbk.;MAGP
Multi Agro Gemilang Plantation Tbk;MAGP
Multi Agro Gemilang Plantation;MAGP
MAHA;MAHA
Mandiri Herindo Adiperkasa Tbk.;MAHA
Mandiri Herindo Adiperkasa Tbk;MAHA
Mandiri Herindo Adiperkasa;MAHA
MAIN;MAIN
Malindo Feedmill Tbk.;MAIN
Malindo Feedmill Tbk;MAIN
Malindo Feedmill;MAIN
MANG;MANG
Manggung Polahraya Tbk.;MANG
Manggung Polahraya Tbk;MANG
Manggung Polahraya;MANG
MAPA;MAPA
Map Aktif Adiperkasa Tbk.;MAPA
Map Aktif Adiperkasa Tbk;MAPA
Map Aktif Adiperkasa;MAPA
MAPB;MAPB
MAP Boga Adiperkasa Tbk.;MAPB
MAP Boga Adiperkasa Tbk;MAPB
MAP Boga Adiperkasa;MAPB
MAPI;MAPI
Mitra Adiperkasa Tbk.;MAPI
Mitra Adiperkasa Tbk;MAPI
Mitra Adiperkasa;MAPI
MARI;MARI
Mahaka Radio Integra Tbk.;MARI
Mahaka Radio Integra Tbk;MARI
Mahaka Radio Integra;MARI
MARK;MARK
Mark Dynamics Indonesia Tbk.;MARK
Mark Dynamics Indonesia Tbk;MARK
Mark Dynamics Indonesia;MARK
MASB;MASB
Bank Multiarta Sentosa Tbk.;MASB
Bank Multiarta Sentosa Tbk;MASB
Bank Multiarta Sentosa;MASB
MAXI;MAXI
Maxindo Karya Anugerah Tbk.;MAXI
Maxindo Karya Anugerah Tbk;MAXI
Maxindo Karya Anugerah;MAXI
MAYA;MAYA
Bank Mayapada Internasional Tbk.;MAYA
Bank Mayapada Internasional Tbk;MAYA
Bank Mayapada Internasional;MAYA
MBAP;MBAP
Mitrabara Adiperdana Tbk.;MBAP
Mitrabara Adiperdana Tbk;MBAP
Mitrabara Adiperdana;MBAP
MBMA;MBMA
Merdeka Battery Materials Tbk.;MBMA
Merdeka Battery Materials Tbk;MBMA
Merdeka Battery Materials;MBMA
MBSS;MBSS
Mitrabahtera Segara Sejati Tbk.;MBSS
Mitrabahtera Segara Sejati Tbk;MBSS
Mitrabahtera Segara Sejati;MBSS
MBTO;MBTO
Martina Berto Tbk.;MBTO
Martina Berto Tbk;MBTO
Martina Berto;MBTO
MCAS;MCAS
M Cash Integrasi Tbk.;MCAS
M Cash Integrasi Tbk;MCAS
M Cash Integrasi;MCAS
MCOL;MCOL
Prima Andalan Mandiri Tbk.;MCOL
Prima Andalan Mandiri Tbk;MCOL
Prima Andalan Mandiri;MCOL
MCOR;MCOR
Bank China Construction Bank Indonesia Tbk.;MCOR
Bank China Construction Bank Indonesia Tbk;MCOR
Bank China Construction Bank Indonesia;MCOR
MDIA;MDIA
Intermedia Capital Tbk.;MDIA
Intermedia Capital Tbk;MDIA
Intermedia Capital;MDIA
MDIY;MDIY
Daya Intiguna Yasa Tbk.;MDIY
Daya Intiguna Yasa Tbk;MDIY
Daya Intiguna Yasa;MDIY
MDKA;MDKA
Merdeka Copper Gold Tbk.;MDKA
Merdeka Copper Gold Tbk;MDKA
Merdeka Copper Gold;MDKA
MDKI;MDKI
Emdeki Utama Tbk.;MDKI
Emdeki Utama Tbk;MDKI
Emdeki Utama;MDKI
MDLA;MDLA
Medela Potentia Tbk.;MDLA
Medela Potentia Tbk;MDLA
Medela Potentia;MDLA
MDLN;MDLN
Modernland Realty Tbk.;MDLN
Modernland Realty Tbk;MDLN
Modernland Realty;MDLN
MDRN;MDRN
Modern Internasional Tbk.;MDRN
Modern Internasional Tbk;MDRN
Modern Internasional;MDRN
MEDC;MEDC
Medco Energi Internasional Tbk.;MEDC
Medco Energi Internasional Tbk;MEDC
Medco Energi Internasional;MEDC
MEDS;MEDS
Hetzer Medical Indonesia Tbk.;MEDS
Hetzer Medical Indonesia Tbk;MEDS
Hetzer Medical Indonesia;MEDS
MEGA;MEGA
Bank Mega Tbk.;MEGA
Bank Mega Tbk;MEGA
Bank Mega;MEGA
MEJA;MEJA
Harta Djaya Karya Tbk.;MEJA
Harta Djaya Karya Tbk;MEJA
Harta Djaya Karya;MEJA
MENN;MENN
Menn Teknologi Indonesia Tbk.;MENN
Menn Teknologi Indonesia Tbk;MENN
Menn Teknologi Indonesia;MENN
MERI;MERI
Merry Riana Edukasi Tbk.;MERI
Merry Riana Edukasi Tbk;MERI
Merry Riana Edukasi;MERI
MERK;MERK
Merck Tbk.;MERK
Merck Tbk;MERK
Merck;MERK
META;META
Nusantara Infrastructure Tbk.;META
Nusantara Infrastructure Tbk;META
Nusantara Infrastructure;META
MFMI;MFMI
Multifiling Mitra Indonesia Tbk.;MFMI
Multifiling Mitra Indonesia Tbk;MFMI
Multifiling Mitra Indonesia;MFMI
MGLV;MGLV
Panca Anugrah Wisesa Tbk.;MGLV
Panca Anugrah Wisesa Tbk;MGLV
Panca Anugrah Wisesa;MGLV
MGNA;MGNA
Magna Investama Mandiri Tbk.;MGNA
Magna Investama Mandiri Tbk;MGNA
Magna Investama Mandiri;MGNA
MGRO;MGRO
Mahkota Group Tbk.;MGRO
Mahkota Group Tbk;MGRO
Mahkota Group;MGRO
MHKI;MHKI
Multi Hanna Kreasindo Tbk.;MHKI
Multi Hanna Kreasindo Tbk;MHKI
Multi Hanna Kreasindo;MHKI
MICE;MICE
Multi Indocitra Tbk.;MICE
Multi Indocitra Tbk;MICE
Multi Indocitra;MICE
MIDI;MIDI
Midi Utama Indonesia Tbk.;MIDI
Midi Utama Indonesia Tbk;MIDI
Midi Utama Indonesia;MIDI
MIKA;MIKA
Mitra Keluarga Karyasehat Tbk.;MIKA
Mitra Keluarga Karyasehat Tbk;MIKA
Mitra Keluarga Karyasehat;MIKA
MINA;MINA
Sanurhasta Mitra Tbk.;MINA
Sanurhasta Mitra Tbk;MINA
Sanurhasta Mitra;MINA
MINE;MINE
Sinar Terang Mandiri Tbk.;MINE
Sinar Terang Mandiri Tbk;MINE
Sinar Terang Mandiri;MINE
MIRA;MIRA
Mitra International Resources Tbk.;MIRA
Mitra International Resources Tbk;MIRA
Mitra International Resources;MIRA
MITI;MITI
Mitra Investindo Tbk.;MITI
Mitra Investindo Tbk;MITI
Mitra Investindo;MITI
MKAP;MKAP
Multikarya Asia Pasifik Raya Tbk.;MKAP
Multikarya Asia Pasifik Raya Tbk;MKAP
Multikarya Asia Pasifik Raya;MKAP
MKNT;MKNT
Mitra Komunikasi Nusantara Tbk.;MKNT
Mitra Komunikasi Nusantara Tbk;MKNT
Mitra Komunikasi Nusantara;MKNT
MKPI;MKPI
Metropolitan Kentjana Tbk.;MKPI
Metropolitan Kentjana Tbk;MKPI
Metropolitan Kentjana;MKPI
MKTR;MKTR
Menthobi Karyatama Raya Tbk.;MKTR
Menthobi Karyatama Raya Tbk;MKTR
Menthobi Karyatama Raya;MKTR
MLBI;MLBI
Multi Bintang Indonesia Tbk.;MLBI
Multi Bintang Indonesia Tbk;MLBI
Multi Bintang Indonesia;MLBI
MLIA;MLIA
Mulia Industrindo Tbk.;MLIA
Mulia Industrindo Tbk;MLIA
Mulia Industrindo;MLIA
MLPL;MLPL
Multipolar Tbk.;MLPL
Multipolar Tbk;MLPL
Multipolar;MLPL
MLPT;MLPT
Multipolar Technology Tbk.;MLPT
Multipolar Technology Tbk;MLPT
Multipolar Technology;MLPT
MMIX;MMIX
Multi Medika Internasional Tbk.;MMIX
Multi Medika Internasional Tbk;MMIX
Multi Medika Internasional;MMIX
MMLP;MMLP
Mega Manunggal Property Tbk.;MMLP
Mega Manunggal Property Tbk;MMLP
Mega Manunggal Property;MMLP
MNCN;MNCN
Media Nusantara Citra Tbk.;MNCN
Media Nusantara Citra Tbk;MNCN
Media Nusantara Citra;MNCN
MOLI;MOLI
Madusari Murni Indah Tbk.;MOLI
Madusari Murni Indah Tbk;MOLI
Madusari Murni Indah;MOLI
MORA;MORA
Ekamas Mora Republik Tbk.;MORA
Ekamas Mora Republik Tbk;MORA
Ekamas Mora Republik;MORA
MPIX;MPIX
Mitra Pedagang Indonesia Tbk.;MPIX
Mitra Pedagang Indonesia Tbk;MPIX
Mitra Pedagang Indonesia;MPIX
MPMX;MPMX
Mitra Pinasthika Mustika Tbk.;MPMX
Mitra Pinasthika Mustika Tbk;MPMX
Mitra Pinasthika Mustika;MPMX
MPOW;MPOW
Megapower Makmur Tbk.;MPOW
Megapower Makmur Tbk;MPOW
Megapower Makmur;MPOW
MPPA;MPPA
Matahari Putra Prima Tbk.;MPPA
Matahari Putra Prima Tbk;MPPA
Matahari Putra Prima;MPPA
MPRO;MPRO
Maha Properti Indonesia Tbk.;MPRO
Maha Properti Indonesia Tbk;MPRO
Maha Properti Indonesia;MPRO
MPXL;MPXL
MPX Logistics International Tbk.;MPXL
MPX Logistics International Tbk;MPXL
MPX Logistics International;MPXL
MRAT;MRAT
Mustika Ratu Tbk.;MRAT
Mustika Ratu Tbk;MRAT
Mustika Ratu;MRAT
MREI;MREI
Maskapai Reasuransi Indonesia Tbk.;MREI
Maskapai Reasuransi Indonesia Tbk;MREI
Maskapai Reasuransi Indonesia;MREI
MSIE;MSIE
Multisarana Intan Eduka Tbk.;MSIE
Multisarana Intan Eduka Tbk;MSIE
Multisarana Intan Eduka;MSIE
MSIN;MSIN
MNC Digital Entertainment Tbk.;MSIN
MNC Digital Entertainment Tbk;MSIN
MNC Digital Entertainment;MSIN
MSJA;MSJA
Multi Spunindo Jaya Tbk.;MSJA
Multi Spunindo Jaya Tbk;MSJA
Multi Spunindo Jaya;MSJA
MSKY;MSKY
MNC Sky Vision Tbk.;MSKY
MNC Sky Vision Tbk;MSKY
MNC Sky Vision;MSKY
MSTI;MSTI
Mastersystem Infotama Tbk.;MSTI
Mastersystem Infotama Tbk;MSTI
Mastersystem Infotama;MSTI
MTDL;MTDL
Metrodata Electronics Tbk.;MTDL
Metrodata Electronics Tbk;MTDL
Metrodata Electronics;MTDL
MTEL;MTEL
Dayamitra Telekomunikasi Tbk.;MTEL
Dayamitra Telekomunikasi Tbk;MTEL
Dayamitra Telekomunikasi;MTEL
MTFN;MTFN
Capitalinc Investment Tbk.;MTFN
Capitalinc Investment Tbk;MTFN
Capitalinc Investment;MTFN
MTLA;MTLA
Metropolitan Land Tbk.;MTLA
Metropolitan Land Tbk;MTLA
Metropolitan Land;MTLA
MTMH;MTMH
Murni Sadar Tbk.;MTMH
Murni Sadar Tbk;MTMH
Murni Sadar;MTMH
MTPS;MTPS
Meta Epsi Tbk.;MTPS
Meta Epsi Tbk;MTPS
Meta Epsi;MTPS
MTRA;MTRA
Mitra Pemuda Tbk.;MTRA
Mitra Pemuda Tbk;MTRA
Mitra Pemuda;MTRA
MTSM;MTSM
Metro Realty Tbk.;MTSM
Metro Realty Tbk;MTSM
Metro Realty;MTSM
MTWI;MTWI
Malacca Trust Wuwungan Insurance Tbk.;MTWI
Malacca Trust Wuwungan Insurance Tbk;MTWI
Malacca Trust Wuwungan Insurance;MTWI
MUTU;MUTU
Mutuagung Lestari Tbk.;MUTU
Mutuagung Lestari Tbk;MUTU
Mutuagung Lestari;MUTU
MYOH;MYOH
Samindo Resources Tbk.;MYOH
Samindo Resources Tbk;MYOH
Samindo Resources;MYOH
MYOR;MYOR
Mayora Indah Tbk.;MYOR
Mayora Indah Tbk;MYOR
Mayora Indah;MYOR
MYTX;MYTX
Asia Pacific Investama Tbk.;MYTX
Asia Pacific Investama Tbk;MYTX
Asia Pacific Investama;MYTX
NAIK;NAIK
Adiwarna Anugerah Abadi Tbk.;NAIK
Adiwarna Anugerah Abadi Tbk;NAIK
Adiwarna Anugerah Abadi;NAIK
NANO;NANO
Nanotech Indonesia Global Tbk.;NANO
Nanotech Indonesia Global Tbk;NANO
Nanotech Indonesia Global;NANO
NASA;NASA
Andalan Perkasa Abadi Tbk.;NASA
Andalan Perkasa Abadi Tbk;NASA
Andalan Perkasa Abadi;NASA
NASI;NASI
Wahana Inti Makmur Tbk.;NASI
Wahana Inti Makmur Tbk;NASI
Wahana Inti Makmur;NASI
NATO;NATO
Olympus Strategic Indonesia Tbk.;NATO
Olympus Strategic Indonesia Tbk;NATO
Olympus Strategic Indonesia;NATO
NAYZ;NAYZ
Hassana Boga Sejahtera Tbk.;NAYZ
Hassana Boga Sejahtera Tbk;NAYZ
Hassana Boga Sejahtera;NAYZ
NCKL;NCKL
Trimegah Bangun Persada Tbk.;NCKL
Trimegah Bangun Persada Tbk;NCKL
Trimegah Bangun Persada;NCKL
NELY;NELY
Pelayaran Nelly Dwi Putri Tbk.;NELY
Pelayaran Nelly Dwi Putri Tbk;NELY
Pelayaran Nelly Dwi Putri;NELY
NEST;NEST
Esta Indonesia Tbk.;NEST
Esta Indonesia Tbk;NEST
Esta Indonesia;NEST
NETV;NETV
MDTV Media Technologies Tbk.;NETV
MDTV Media Technologies Tbk;NETV
MDTV Media Technologies;NETV
NFCX;NFCX
NFC Indonesia Tbk.;NFCX
NFC Indonesia Tbk;NFCX
NFC Indonesia;NFCX
NICE;NICE
Adhi Kartiko Pratama Tbk.;NICE
Adhi Kartiko Pratama Tbk;NICE
Adhi Kartiko Pratama;NICE
NICK;NICK
Charnic Capital Tbk.;NICK
Charnic Capital Tbk;NICK
Charnic Capital;NICK
NICL;NICL
PAM Mineral Tbk.;NICL
PAM Mineral Tbk;NICL
PAM Mineral;NICL
NIKL;NIKL
Pelat Timah Nusantara Tbk.;NIKL
Pelat Timah Nusantara Tbk;NIKL
Pelat Timah Nusantara;NIKL
NINE;NINE
Techno9 Indonesia Tbk.;NINE
Techno9 Indonesia Tbk;NINE
Techno9 Indonesia;NINE
NIRO;NIRO
City Retail Developments Tbk.;NIRO
City Retail Developments Tbk;NIRO
City Retail Developments;NIRO
NISP;NISP
Bank OCBC NISP Tbk.;NISP
Bank OCBC NISP Tbk;NISP
Bank OCBC NISP;NISP
NOBU;NOBU
Bank Nationalnobu Tbk.;NOBU
Bank Nationalnobu Tbk;NOBU
Bank Nationalnobu;NOBU
NPGF;NPGF
Nusa Palapa Gemilang Tbk.;NPGF
Nusa Palapa Gemilang Tbk;NPGF
Nusa Palapa Gemilang;NPGF
NRCA;NRCA
Nusa Raya Cipta Tbk.;NRCA
Nusa Raya Cipta Tbk;NRCA
Nusa Raya Cipta;NRCA
NSSS;NSSS
Nusantara Sawit Sejahtera Tbk.;NSSS
Nusantara Sawit Sejahtera Tbk;NSSS
Nusantara Sawit Sejahtera;NSSS
NTBK;NTBK
Nusatama Berkah Tbk.;NTBK
Nusatama Berkah Tbk;NTBK
Nusatama Berkah;NTBK
NUSA;NUSA
Sinergi Megah Internusa Tbk.;NUSA
Sinergi Megah Internusa Tbk;NUSA
Sinergi Megah Internusa;NUSA
NZIA;NZIA
Nusantara Almazia Tbk.;NZIA
Nusantara Almazia Tbk;NZIA
Nusantara Almazia;NZIA
OASA;OASA
Maharaksa Biru Energi Tbk.;OASA
Maharaksa Biru Energi Tbk;OASA
Maharaksa Biru Energi;OASA
OBAT;OBAT
Brigit Biofarmaka Teknologi Tbk.;OBAT
Brigit Biofarmaka Teknologi Tbk;OBAT
Brigit Biofarmaka Teknologi;OBAT
OBMD;OBMD
OBM Drilchem Tbk.;OBMD
OBM Drilchem Tbk;OBMD
OBM Drilchem;OBMD
OCAP;OCAP
Onix Capital Tbk.;OCAP
Onix Capital Tbk;OCAP
Onix Capital;OCAP
OILS;OILS
Indo Oil Perkasa Tbk.;OILS
Indo Oil Perkasa Tbk;OILS
Indo Oil Perkasa;OILS
OKAS;OKAS
Ancora Indonesia Resources Tbk.;OKAS
Ancora Indonesia Resources Tbk;OKAS
Ancora Indonesia Resources;OKAS
OLIV;OLIV
Atlas Nexus Group Tbk.;OLIV
Atlas Nexus Group Tbk;OLIV
Atlas Nexus Group;OLIV
OMED;OMED
Jayamas Medica Industri Tbk.;OMED
Jayamas Medica Industri Tbk;OMED
Jayamas Medica Industri;OMED
OMRE;OMRE
Indonesia Prima Property Tbk.;OMRE
Indonesia Prima Property Tbk;OMRE
Indonesia Prima Property;OMRE
OPMS;OPMS
Optima Prima Metal Sinergi Tbk.;OPMS
Optima Prima Metal Sinergi Tbk;OPMS
Optima Prima Metal Sinergi;OPMS
PACK;PACK
Abadi Nusantara Hijau Investama Tbk.;PACK
Abadi Nusantara Hijau Investama Tbk;PACK
Abadi Nusantara Hijau Investama;PACK
PADA;PADA
Personel Alih Daya Tbk.;PADA
Personel Alih Daya Tbk;PADA
Personel Alih Daya;PADA
PADI;PADI
Minna Padi Investama Sekuritas Tbk.;PADI
Minna Padi Investama Sekuritas Tbk;PADI
Minna Padi Investama Sekuritas;PADI
PALM;PALM
Provident Investasi Bersama Tbk.;PALM
Provident Investasi Bersama Tbk;PALM
Provident Investasi Bersama;PALM
PAMG;PAMG
Bima Sakti Pertiwi Tbk.;PAMG
Bima Sakti Pertiwi Tbk;PAMG
Bima Sakti Pertiwi;PAMG
PANI;PANI
Pantai Indah Kapuk Dua Tbk.;PANI
Pantai Indah Kapuk Dua Tbk;PANI
Pantai Indah Kapuk Dua;PANI
PANR;PANR
Panorama Sentrawisata Tbk.;PANR
Panorama Sentrawisata Tbk;PANR
Panorama Sentrawisata;PANR
PANS;PANS
Panin Sekuritas Tbk.;PANS
Panin Sekuritas Tbk;PANS
Panin Sekuritas;PANS
PART;PART
Cipta Perdana Lancar Tbk.;PART
Cipta Perdana Lancar Tbk;PART
Cipta Perdana Lancar;PART
PBID;PBID
Panca Budi Idaman Tbk.;PBID
Panca Budi Idaman Tbk;PBID
Panca Budi Idaman;PBID
PBRX;PBRX
Pan Brothers Tbk.;PBRX
Pan Brothers Tbk;PBRX
Pan Brothers;PBRX
PBSA;PBSA
Paramita Bangun Sarana Tbk.;PBSA
Paramita Bangun Sarana Tbk;PBSA
Paramita Bangun Sarana;PBSA
PCAR;PCAR
Prima Cakrawala Abadi Tbk.;PCAR
Prima Cakrawala Abadi Tbk;PCAR
Prima Cakrawala Abadi;PCAR
PDES;PDES
Destinasi Tirta Nusantara Tbk.;PDES
Destinasi Tirta Nusantara Tbk;PDES
Destinasi Tirta Nusantara;PDES
PDPP;PDPP
Primadaya Plastisindo Tbk.;PDPP
Primadaya Plastisindo Tbk;PDPP
Primadaya Plastisindo;PDPP
PEGE;PEGE
Panca Global Kapital Tbk.;PEGE
Panca Global Kapital Tbk;PEGE
Panca Global Kapital;PEGE
PEHA;PEHA
Phapros Tbk.;PEHA
Phapros Tbk;PEHA
Phapros;PEHA
PEVE;PEVE
Penta Valent Tbk.;PEVE
Penta Valent Tbk;PEVE
Penta Valent;PEVE
PGAS;PGAS
Perusahaan Gas Negara (Persero) Tbk.;PGAS
Perusahaan Gas Negara (Persero) Tbk;PGAS
Perusahaan Gas Negara (Persero);PGAS
PGEO;PGEO
Pertamina Geothermal Energy Tbk.;PGEO
Pertamina Geothermal Energy Tbk;PGEO
Pertamina Geothermal Energy;PGEO
PGJO;PGJO
Bahtera Bumi Raya Tbk.;PGJO
Bahtera Bumi Raya Tbk;PGJO
Bahtera Bumi Raya;PGJO
PGLI;PGLI
Pembangunan Graha Lestari Indah Tbk.;PGLI
Pembangunan Graha Lestari Indah Tbk;PGLI
Pembangunan Graha Lestari Indah;PGLI
PGUN;PGUN
Pradiksi Gunatama Tbk.;PGUN
Pradiksi Gunatama Tbk;PGUN
Pradiksi Gunatama;PGUN
PICO;PICO
Pelangi Indah Canindo Tbk.;PICO
Pelangi Indah Canindo Tbk;PICO
Pelangi Indah Canindo;PICO
PIPA;PIPA
Multi Makmur Lemindo Tbk.;PIPA
Multi Makmur Lemindo Tbk;PIPA
Multi Makmur Lemindo;PIPA
PJAA;PJAA
Pembangunan Jaya Ancol Tbk.;PJAA
Pembangunan Jaya Ancol Tbk;PJAA
Pembangunan Jaya Ancol;PJAA
PJHB;PJHB
Pelayaran Jaya Hidup Baru Tbk.;PJHB
Pelayaran Jaya Hidup Baru Tbk;PJHB
Pelayaran Jaya Hidup Baru;PJHB
PKPK;PKPK
Paragon Karya Perkasa Tbk.;PKPK
Paragon Karya Perkasa Tbk;PKPK
Paragon Karya Perkasa;PKPK
PLAN;PLAN
Planet Properindo Jaya Tbk.;PLAN
Planet Properindo Jaya Tbk;PLAN
Planet Properindo Jaya;PLAN
PLAS;PLAS
Polaris Investama Tbk.;PLAS
Polaris Investama Tbk;PLAS
Polaris Investama;PLAS
PLIN;PLIN
Plaza Indonesia Realty Tbk.;PLIN
Plaza Indonesia Realty Tbk;PLIN
Plaza Indonesia Realty;PLIN
PMJS;PMJS
Putra Mandiri Jembar Tbk.;PMJS
Putra Mandiri Jembar Tbk;PMJS
Putra Mandiri Jembar;PMJS
PMMP;PMMP
Panca Mitra Multiperdana Tbk.;PMMP
Panca Mitra Multiperdana Tbk;PMMP
Panca Mitra Multiperdana;PMMP
PMUI;PMUI
Prima Multi Usaha Indonesia Tbk.;PMUI
Prima Multi Usaha Indonesia Tbk;PMUI
Prima Multi Usaha Indonesia;PMUI
PNBN;PNBN
Bank Pan Indonesia Tbk.;PNBN
Bank Pan Indonesia Tbk;PNBN
Bank Pan Indonesia;PNBN
PNBS;PNBS
Bank Panin Dubai Syariah Tbk.;PNBS
Bank Panin Dubai Syariah Tbk;PNBS
Bank Panin Dubai Syariah;PNBS
PNGO;PNGO
Pinago Utama Tbk.;PNGO
Pinago Utama Tbk;PNGO
Pinago Utama;PNGO
PNIN;PNIN
Paninvest Tbk.;PNIN
Paninvest Tbk;PNIN
Paninvest;PNIN
PNLF;PNLF
Panin Financial Tbk.;PNLF
Panin Financial Tbk;PNLF
Panin Financial;PNLF
PNSE;PNSE
Pudjiadi & Sons Tbk.;PNSE
Pudjiadi & Sons Tbk;PNSE
Pudjiadi & Sons;PNSE
POLA;POLA
Pool Advista Finance Tbk.;POLA
Pool Advista Finance Tbk;POLA
Pool Advista Finance;POLA
POLI;POLI
Pollux Hotels Group Tbk.;POLI
Pollux Hotels Group Tbk;POLI
Pollux Hotels Group;POLI
POLL;POLL
Pollux Properties Indonesia Tbk.;POLL
Pollux Properties Indonesia Tbk;POLL
Pollux Properties Indonesia;POLL
POLU;POLU
Golden Flower Tbk.;POLU
Golden Flower Tbk;POLU
Golden Flower;POLU
POLY;POLY
Asia Pacific Fibers Tbk.;POLY
Asia Pacific Fibers Tbk;POLY
Asia Pacific Fibers;POLY
POOL;POOL
Pool Advista Indonesia Tbk.;POOL
Pool Advista Indonesia Tbk;POOL
Pool Advista Indonesia;POOL
PORT;PORT
Nusantara Pelabuhan Handal Tbk.;PORT
Nusantara Pelabuhan Handal Tbk;PORT
Nusantara Pelabuhan Handal;PORT
POSA;POSA
Bliss Properti Indonesia Tbk.;POSA
Bliss Properti Indonesia Tbk;POSA
Bliss Properti Indonesia;POSA
POWR;POWR
Cikarang Listrindo Tbk.;POWR
Cikarang Listrindo Tbk;POWR
Cikarang Listrindo;POWR
PPGL;PPGL
Prima Globalindo Logistik Tbk.;PPGL
Prima Globalindo Logistik Tbk;PPGL
Prima Globalindo Logistik;PPGL
PPRE;PPRE
PP Presisi Tbk.;PPRE
PP Presisi Tbk;PPRE
PP Presisi;PPRE
PPRI;PPRI
Paperocks Indonesia Tbk.;PPRI
Paperocks Indonesia Tbk;PPRI
Paperocks Indonesia;PPRI
PPRO;PPRO
PP Properti Tbk.;PPRO
PP Properti Tbk;PPRO
PP Properti;PPRO
PRAY;PRAY
Famon Awal Bros Sedaya Tbk.;PRAY
Famon Awal Bros Sedaya Tbk;PRAY
Famon Awal Bros Sedaya;PRAY
PRDA;PRDA
Prodia Widyahusada Tbk.;PRDA
Prodia Widyahusada Tbk;PRDA
Prodia Widyahusada;PRDA
PRDL;PRDL
Prodia Diagnostic Line Tbk.;PRDL
Prodia Diagnostic Line Tbk;PRDL
Prodia Diagnostic Line;PRDL
PRIM;PRIM
Royal Prima Tbk.;PRIM
Royal Prima Tbk;PRIM
Royal Prima;PRIM
PSAB;PSAB
J Resources Asia Pasifik Tbk.;PSAB
J Resources Asia Pasifik Tbk;PSAB
J Resources Asia Pasifik;PSAB
PSAT;PSAT
Pancaran Samudera Transport Tbk.;PSAT
Pancaran Samudera Transport Tbk;PSAT
Pancaran Samudera Transport;PSAT
PSDN;PSDN
Prasidha Aneka Niaga Tbk.;PSDN
Prasidha Aneka Niaga Tbk;PSDN
Prasidha Aneka Niaga;PSDN
PSGO;PSGO
Palma Serasih Tbk.;PSGO
Palma Serasih Tbk;PSGO
Palma Serasih;PSGO
PSKT;PSKT
Red Planet Indonesia Tbk.;PSKT
Red Planet Indonesia Tbk;PSKT
Red Planet Indonesia;PSKT
PSSI;PSSI
IMC Pelita Logistik Tbk.;PSSI
IMC Pelita Logistik Tbk;PSSI
IMC Pelita Logistik;PSSI
PTBA;PTBA
Bukit Asam (Persero) Tbk.;PTBA
Bukit Asam (Persero) Tbk;PTBA
Bukit Asam (Persero);PTBA
PTDU;PTDU
Djasa Ubersakti Tbk.;PTDU
Djasa Ubersakti Tbk;PTDU
Djasa Ubersakti;PTDU
PTIS;PTIS
Indo Straits Tbk.;PTIS
Indo Straits Tbk;PTIS
Indo Straits;PTIS
PTMP;PTMP
Mitra Pack Tbk.;PTMP
Mitra Pack Tbk;PTMP
Mitra Pack;PTMP
PTMR;PTMR
Master Print Tbk.;PTMR
Master Print Tbk;PTMR
Master Print;PTMR
PTPP;PTPP
PP (Persero) Tbk.;PTPP
PP (Persero) Tbk;PTPP
PP (Persero);PTPP
PTPS;PTPS
Pulau Subur Tbk.;PTPS
Pulau Subur Tbk;PTPS
Pulau Subur;PTPS
PTPW;PTPW
Pratama Widya Tbk.;PTPW
Pratama Widya Tbk;PTPW
Pratama Widya;PTPW
PTRO;PTRO
Petrosea Tbk.;PTRO
Petrosea Tbk;PTRO
Petrosea;PTRO
PTSN;PTSN
Sat Nusapersada Tbk.;PTSN
Sat Nusapersada Tbk;PTSN
Sat Nusapersada;PTSN
PTSP;PTSP
Pioneerindo Gourmet International Tbk.;PTSP
Pioneerindo Gourmet International Tbk;PTSP
Pioneerindo Gourmet International;PTSP
PUDP;PUDP
Pudjiadi Prestige Tbk.;PUDP
Pudjiadi Prestige Tbk;PUDP
Pudjiadi Prestige;PUDP
PURA;PURA
Putra Rajawali Kencana Tbk.;PURA
Putra Rajawali Kencana Tbk;PURA
Putra Rajawali Kencana;PURA
PURE;PURE
Trinitan Metals and Minerals Tbk.;PURE
Trinitan Metals and Minerals Tbk;PURE
Trinitan Metals and Minerals;PURE
PURI;PURI
Puri Global Sukses Tbk.;PURI
Puri Global Sukses Tbk;PURI
Puri Global Sukses;PURI
PWON;PWON
Pakuwon Jati Tbk.;PWON
Pakuwon Jati Tbk;PWON
Pakuwon Jati;PWON
PYFA;PYFA
Pyridam Farma Tbk.;PYFA
Pyridam Farma Tbk;PYFA
Pyridam Farma;PYFA
PZZA;PZZA
Sarimelati Kencana Tbk.;PZZA
Sarimelati Kencana Tbk;PZZA
Sarimelati Kencana;PZZA
RAAM;RAAM
Tripar Multivision Plus Tbk.;RAAM
Tripar Multivision Plus Tbk;RAAM
Tripar Multivision Plus;RAAM
RAFI;RAFI
Sari Kreasi Boga Tbk.;RAFI
Sari Kreasi Boga Tbk;RAFI
Sari Kreasi Boga;RAFI
RAJA;RAJA
Rukun Raharja Tbk.;RAJA
Rukun Raharja Tbk;RAJA
Rukun Raharja;RAJA
RALS;RALS
Ramayana Lestari Sentosa Tbk.;RALS
Ramayana Lestari Sentosa Tbk;RALS
Ramayana Lestari Sentosa;RALS
RANC;RANC
Supra Boga Lestari Tbk.;RANC
Supra Boga Lestari Tbk;RANC
Supra Boga Lestari;RANC
RANS;RANS
Rans Entertainmen Indonesia Tbk.;RANS
Rans Entertainmen Indonesia Tbk;RANS
Rans Entertainmen Indonesia;RANS
RATU;RATU
Raharja Energi Cepu Tbk.;RATU
Raharja Energi Cepu Tbk;RATU
Raharja Energi Cepu;RATU
RBMS;RBMS
Ristia Bintang Mahkotasejati Tbk.;RBMS
Ristia Bintang Mahkotasejati Tbk;RBMS
Ristia Bintang Mahkotasejati;RBMS
RCCC;RCCC
Utama Radar Cahaya Tbk.;RCCC
Utama Radar Cahaya Tbk;RCCC
Utama Radar Cahaya;RCCC
RDTX;RDTX
Roda Vivatex Tbk.;RDTX
Roda Vivatex Tbk;RDTX
Roda Vivatex;RDTX
REAL;REAL
Repower Asia Indonesia Tbk.;REAL
Repower Asia Indonesia Tbk;REAL
Repower Asia Indonesia;REAL
RELF;RELF
Graha Mitra Asia Tbk.;RELF
Graha Mitra Asia Tbk;RELF
Graha Mitra Asia;RELF
RELI;RELI
Reliance Sekuritas Indonesia Tbk.;RELI
Reliance Sekuritas Indonesia Tbk;RELI
Reliance Sekuritas Indonesia;RELI
RGAS;RGAS
Kian Santang Muliatama Tbk.;RGAS
Kian Santang Muliatama Tbk;RGAS
Kian Santang Muliatama;RGAS
RICY;RICY
Ricky Putra Globalindo Tbk.;RICY
Ricky Putra Globalindo Tbk;RICY
Ricky Putra Globalindo;RICY
RIGS;RIGS
Rig Tenders Indonesia Tbk.;RIGS
Rig Tenders Indonesia Tbk;RIGS
Rig Tenders Indonesia;RIGS
RIMO;RIMO
Rimo International Lestari Tbk.;RIMO
Rimo International Lestari Tbk;RIMO
Rimo International Lestari;RIMO
RISE;RISE
Jaya Sukses Makmur Sentosa Tbk.;RISE
Jaya Sukses Makmur Sentosa Tbk;RISE
Jaya Sukses Makmur Sentosa;RISE
RLCO;RLCO
Abadi Lestari Indonesia Tbk.;RLCO
Abadi Lestari Indonesia Tbk;RLCO
Abadi Lestari Indonesia;RLCO
RMKE;RMKE
RMK Energy Tbk.;RMKE
RMK Energy Tbk;RMKE
RMK Energy;RMKE
RMKO;RMKO
Royaltama Mulia Kontraktorindo Tbk.;RMKO
Royaltama Mulia Kontraktorindo Tbk;RMKO
Royaltama Mulia Kontraktorindo;RMKO
ROCK;ROCK
Rockfields Properti Indonesia Tbk.;ROCK
Rockfields Properti Indonesia Tbk;ROCK
Rockfields Properti Indonesia;ROCK
RODA;RODA
Pikko Land Development Tbk.;RODA
Pikko Land Development Tbk;RODA
Pikko Land Development;RODA
RONY;RONY
Aracord Nusantara Group Tbk.;RONY
Aracord Nusantara Group Tbk;RONY
Aracord Nusantara Group;RONY
ROTI;ROTI
Nippon Indosari Corpindo Tbk.;ROTI
Nippon Indosari Corpindo Tbk;ROTI
Nippon Indosari Corpindo;ROTI
RSCH;RSCH
Charlie Hospital Semarang Tbk.;RSCH
Charlie Hospital Semarang Tbk;RSCH
Charlie Hospital Semarang;RSCH
RSGK;RSGK
Kedoya Adyaraya Tbk.;RSGK
Kedoya Adyaraya Tbk;RSGK
Kedoya Adyaraya;RSGK
RUIS;RUIS
Radiant Utama Interinsco Tbk.;RUIS
Radiant Utama Interinsco Tbk;RUIS
Radiant Utama Interinsco;RUIS
RUNS;RUNS
Global Sukses Solusi Tbk.;RUNS
Global Sukses Solusi Tbk;RUNS
Global Sukses Solusi;RUNS
SAFE;SAFE
Steady Safe Tbk.;SAFE
Steady Safe Tbk;SAFE
Steady Safe;SAFE
SAGE;SAGE
Saptausaha Gemilangindah Tbk.;SAGE
Saptausaha Gemilangindah Tbk;SAGE
Saptausaha Gemilangindah;SAGE
SAME;SAME
Sarana Meditama Metropolitan Tbk.;SAME
Sarana Meditama Metropolitan Tbk;SAME
Sarana Meditama Metropolitan;SAME
SAMF;SAMF
Saraswanti Anugerah Makmur Tbk.;SAMF
Saraswanti Anugerah Makmur Tbk;SAMF
Saraswanti Anugerah Makmur;SAMF
SAPX;SAPX
Satria Antaran Prima Tbk.;SAPX
Satria Antaran Prima Tbk;SAPX
Satria Antaran Prima;SAPX
SATU;SATU
Kota Satu Properti Tbk.;SATU
Kota Satu Properti Tbk;SATU
Kota Satu Properti;SATU
SBAT;SBAT
Sejahtera Bintang Abadi Textile Tbk.;SBAT
Sejahtera Bintang Abadi Textile Tbk;SBAT
Sejahtera Bintang Abadi Textile;SBAT
SBMA;SBMA
Surya Biru Murni Acetylene Tbk.;SBMA
Surya Biru Murni Acetylene Tbk;SBMA
Surya Biru Murni Acetylene;SBMA
SCCO;SCCO
Supreme Cable Manufacturing & Commerce Tbk.;SCCO
Supreme Cable Manufacturing & Commerce Tbk;SCCO
Supreme Cable Manufacturing & Commerce;SCCO
SCMA;SCMA
Surya Citra Media Tbk.;SCMA
Surya Citra Media Tbk;SCMA
Surya Citra Media;SCMA
SCNP;SCNP
Selaras Citra Nusantara Perkasa Tbk.;SCNP
Selaras Citra Nusantara Perkasa Tbk;SCNP
Selaras Citra Nusantara Perkasa;SCNP
SCPI;SCPI
Organon Pharma Indonesia Tbk.;SCPI
Organon Pharma Indonesia Tbk;SCPI
Organon Pharma Indonesia;SCPI
SDMU;SDMU
Sidomulyo Selaras Tbk.;SDMU
Sidomulyo Selaras Tbk;SDMU
Sidomulyo Selaras;SDMU
SDPC;SDPC
Millennium Pharmacon International Tbk.;SDPC
Millennium Pharmacon International Tbk;SDPC
Millennium Pharmacon International;SDPC
SDRA;SDRA
Bank Woori Saudara Indonesia 1906 Tbk.;SDRA
Bank Woori Saudara Indonesia 1906 Tbk;SDRA
Bank Woori Saudara Indonesia 1906;SDRA
SEMA;SEMA
Semacom Integrated Tbk.;SEMA
Semacom Integrated Tbk;SEMA
Semacom Integrated;SEMA
SFAN;SFAN
Surya Fajar Capital Tbk.;SFAN
Surya Fajar Capital Tbk;SFAN
Surya Fajar Capital;SFAN
SGER;SGER
Sumber Global Energy Tbk.;SGER
Sumber Global Energy Tbk;SGER
Sumber Global Energy;SGER
SGRO;SGRO
Prime Agri Resources Tbk.;SGRO
Prime Agri Resources Tbk;SGRO
Prime Agri Resources;SGRO
SHID;SHID
Hotel Sahid Jaya International Tbk.;SHID
Hotel Sahid Jaya International Tbk;SHID
Hotel Sahid Jaya International;SHID
SHIP;SHIP
Sillo Maritime Perdana Tbk.;SHIP
Sillo Maritime Perdana Tbk;SHIP
Sillo Maritime Perdana;SHIP
SICO;SICO
Sigma Energy Compressindo Tbk.;SICO
Sigma Energy Compressindo Tbk;SICO
Sigma Energy Compressindo;SICO
SIDO;SIDO
Industri Jamu dan Farmasi Sido Muncul Tbk.;SIDO
Industri Jamu dan Farmasi Sido Muncul Tbk;SIDO
Industri Jamu dan Farmasi Sido Muncul;SIDO
SILO;SILO
Siloam International Hospitals Tbk.;SILO
Siloam International Hospitals Tbk;SILO
Siloam International Hospitals;SILO
SIMA;SIMA
Siwani Makmur Tbk.;SIMA
Siwani Makmur Tbk;SIMA
Siwani Makmur;SIMA
SIMP;SIMP
Salim Ivomas Pratama Tbk.;SIMP
Salim Ivomas Pratama Tbk;SIMP
Salim Ivomas Pratama;SIMP
SINI;SINI
Singaraja Putra Tbk.;SINI
Singaraja Putra Tbk;SINI
Singaraja Putra;SINI
SIPD;SIPD
Sreeya Sewu Indonesia Tbk.;SIPD
Sreeya Sewu Indonesia Tbk;SIPD
Sreeya Sewu Indonesia;SIPD
SKBM;SKBM
Sekar Bumi Tbk.;SKBM
Sekar Bumi Tbk;SKBM
Sekar Bumi;SKBM
SKLT;SKLT
Sekar Laut Tbk.;SKLT
Sekar Laut Tbk;SKLT
Sekar Laut;SKLT
SKRN;SKRN
Superkrane Mitra Utama Tbk.;SKRN
Superkrane Mitra Utama Tbk;SKRN
Superkrane Mitra Utama;SKRN
SKYB;SKYB
Northcliff Citranusa Indonesia Tbk.;SKYB
Northcliff Citranusa Indonesia Tbk;SKYB
Northcliff Citranusa Indonesia;SKYB
SLIS;SLIS
Gaya Abadi Sempurna Tbk.;SLIS
Gaya Abadi Sempurna Tbk;SLIS
Gaya Abadi Sempurna;SLIS
SMAR;SMAR
Sinar Mas Agro Resources and Technology Tbk.;SMAR
Sinar Mas Agro Resources and Technology Tbk;SMAR
Sinar Mas Agro Resources and Technology;SMAR
SMBR;SMBR
Semen Baturaja (Persero) Tbk.;SMBR
Semen Baturaja (Persero) Tbk;SMBR
Semen Baturaja (Persero);SMBR
SMCB;SMCB
Solusi Bangun Indonesia Tbk.;SMCB
Solusi Bangun Indonesia Tbk;SMCB
Solusi Bangun Indonesia;SMCB
SMDM;SMDM
Suryamas Dutamakmur Tbk.;SMDM
Suryamas Dutamakmur Tbk;SMDM
Suryamas Dutamakmur;SMDM
SMDR;SMDR
Samudera Indonesia  Tbk.;SMDR
Samudera Indonesia  Tbk;SMDR
Samudera Indonesia ;SMDR
SMGA;SMGA
Sumber Mineral Global Abadi Tbk.;SMGA
Sumber Mineral Global Abadi Tbk;SMGA
Sumber Mineral Global Abadi;SMGA
SMGR;SMGR
Semen Indonesia (Persero) Tbk.;SMGR
Semen Indonesia (Persero) Tbk;SMGR
Semen Indonesia (Persero);SMGR
SMIL;SMIL
Sarana Mitra Luas Tbk.;SMIL
Sarana Mitra Luas Tbk;SMIL
Sarana Mitra Luas;SMIL
SMKL;SMKL
Satyamitra Kemas Lestari Tbk.;SMKL
Satyamitra Kemas Lestari Tbk;SMKL
Satyamitra Kemas Lestari;SMKL
SMKM;SMKM
Sumber Mas Konstruksi Tbk.;SMKM
Sumber Mas Konstruksi Tbk;SMKM
Sumber Mas Konstruksi;SMKM
SMLE;SMLE
Sinergi Multi Lestarindo Tbk.;SMLE
Sinergi Multi Lestarindo Tbk;SMLE
Sinergi Multi Lestarindo;SMLE
SMMA;SMMA
Sinarmas Multiartha Tbk.;SMMA
Sinarmas Multiartha Tbk;SMMA
Sinarmas Multiartha;SMMA
SMMT;SMMT
Golden Eagle Energy Tbk.;SMMT
Golden Eagle Energy Tbk;SMMT
Golden Eagle Energy;SMMT
SMRA;SMRA
Summarecon Agung Tbk.;SMRA
Summarecon Agung Tbk;SMRA
Summarecon Agung;SMRA
SMRU;SMRU
SMR Utama Tbk.;SMRU
SMR Utama Tbk;SMRU
SMR Utama;SMRU
SMSM;SMSM
Selamat Sempurna Tbk.;SMSM
Selamat Sempurna Tbk;SMSM
Selamat Sempurna;SMSM
SNLK;SNLK
Sunter Lakeside Hotel Tbk.;SNLK
Sunter Lakeside Hotel Tbk;SNLK
Sunter Lakeside Hotel;SNLK
SOCI;SOCI
Soechi Lines Tbk.;SOCI
Soechi Lines Tbk;SOCI
Soechi Lines;SOCI
SOFA;SOFA
Solusi Environment Asia Tbk.;SOFA
Solusi Environment Asia Tbk;SOFA
Solusi Environment Asia;SOFA
SOHO;SOHO
Soho Global Health Tbk.;SOHO
Soho Global Health Tbk;SOHO
Soho Global Health;SOHO
SOLA;SOLA
Xolare RCR Energy Tbk.;SOLA
Xolare RCR Energy Tbk;SOLA
Xolare RCR Energy;SOLA
SONA;SONA
Sona Topas Tourism Industry Tbk.;SONA
Sona Topas Tourism Industry Tbk;SONA
Sona Topas Tourism Industry;SONA
SOSS;SOSS
ALSOK Indonesia Services Tbk.;SOSS
ALSOK Indonesia Services Tbk;SOSS
ALSOK Indonesia Services;SOSS
SOTS;SOTS
Satria Mega Kencana Tbk.;SOTS
Satria Mega Kencana Tbk;SOTS
Satria Mega Kencana;SOTS
SOUL;SOUL
Mitra Tirta Buwana Tbk.;SOUL
Mitra Tirta Buwana Tbk;SOUL
Mitra Tirta Buwana;SOUL
SPMA;SPMA
Suparma Tbk.;SPMA
Suparma Tbk;SPMA
Suparma;SPMA
SPRE;SPRE
Soraya Berjaya Indonesia Tbk.;SPRE
Soraya Berjaya Indonesia Tbk;SPRE
Soraya Berjaya Indonesia;SPRE
SPTO;SPTO
Surya Pertiwi Tbk.;SPTO
Surya Pertiwi Tbk;SPTO
Surya Pertiwi;SPTO
SQMI;SQMI
Wilton Makmur Indonesia Tbk.;SQMI
Wilton Makmur Indonesia Tbk;SQMI
Wilton Makmur Indonesia;SQMI
SRAJ;SRAJ
Sejahteraraya Anugrahjaya Tbk.;SRAJ
Sejahteraraya Anugrahjaya Tbk;SRAJ
Sejahteraraya Anugrahjaya;SRAJ
SRIL;SRIL
Sri Rejeki Isman Tbk.;SRIL
Sri Rejeki Isman Tbk;SRIL
Sri Rejeki Isman;SRIL
SRSN;SRSN
Indo Acidatama Tbk.;SRSN
Indo Acidatama Tbk;SRSN
Indo Acidatama;SRSN
SRTG;SRTG
Saratoga Investama Sedaya Tbk.;SRTG
Saratoga Investama Sedaya Tbk;SRTG
Saratoga Investama Sedaya;SRTG
SSIA;SSIA
Surya Semesta Internusa Tbk.;SSIA
Surya Semesta Internusa Tbk;SSIA
Surya Semesta Internusa;SSIA
SSMS;SSMS
Sawit Sumbermas Sarana Tbk.;SSMS
Sawit Sumbermas Sarana Tbk;SSMS
Sawit Sumbermas Sarana;SSMS
SSTM;SSTM
Sunson Textile Manufacture Tbk.;SSTM
Sunson Textile Manufacture Tbk;SSTM
Sunson Textile Manufacture;SSTM
STAA;STAA
Sumber Tani Agung Resources Tbk.;STAA
Sumber Tani Agung Resources Tbk;STAA
Sumber Tani Agung Resources;STAA
STAR;STAR
Calculus Global Ventures Tbk.;STAR
Calculus Global Ventures Tbk;STAR
Calculus Global Ventures;STAR
STRK;STRK
Lovina Beach Brewery Tbk.;STRK
Lovina Beach Brewery Tbk;STRK
Lovina Beach Brewery;STRK
STTP;STTP
Siantar Top Tbk.;STTP
Siantar Top Tbk;STTP
Siantar Top;STTP
SUGI;SUGI
Sugih Energy Tbk.;SUGI
Sugih Energy Tbk;SUGI
Sugih Energy;SUGI
SULI;SULI
SLJ Global Tbk.;SULI
SLJ Global Tbk;SULI
SLJ Global;SULI
SUNI;SUNI
Sunindo Pratama Tbk.;SUNI
Sunindo Pratama Tbk;SUNI
Sunindo Pratama;SUNI
SUPA;SUPA
Super Bank Indonesia Tbk.;SUPA
Super Bank Indonesia Tbk;SUPA
Super Bank Indonesia;SUPA
SUPR;SUPR
Solusi Tunas Pratama Tbk.;SUPR
Solusi Tunas Pratama Tbk;SUPR
Solusi Tunas Pratama;SUPR
SURE;SURE
Super Energy Tbk.;SURE
Super Energy Tbk;SURE
Super Energy;SURE
SURI;SURI
Maja Agung Latexindo Tbk.;SURI
Maja Agung Latexindo Tbk;SURI
Maja Agung Latexindo;SURI
SWAT;SWAT
Sriwahana Adityakarta Tbk.;SWAT
Sriwahana Adityakarta Tbk;SWAT
Sriwahana Adityakarta;SWAT
SWID;SWID
Saraswanti Indoland Development Tbk.;SWID
Saraswanti Indoland Development Tbk;SWID
Saraswanti Indoland Development;SWID
TALF;TALF
Tunas Alfin Tbk.;TALF
Tunas Alfin Tbk;TALF
Tunas Alfin;TALF
TAMA;TAMA
Lancartama Sejati Tbk.;TAMA
Lancartama Sejati Tbk;TAMA
Lancartama Sejati;TAMA
TAMU;TAMU
Pelayaran Tamarin Samudra Tbk.;TAMU
Pelayaran Tamarin Samudra Tbk;TAMU
Pelayaran Tamarin Samudra;TAMU
TAPG;TAPG
Triputra Agro Persada Tbk.;TAPG
Triputra Agro Persada Tbk;TAPG
Triputra Agro Persada;TAPG
TARA;TARA
Agung Semesta Sejahtera Tbk.;TARA
Agung Semesta Sejahtera Tbk;TARA
Agung Semesta Sejahtera;TARA
TAXI;TAXI
Express Transindo Utama Tbk.;TAXI
Express Transindo Utama Tbk;TAXI
Express Transindo Utama;TAXI
TAYS;TAYS
Jaya Swarasa Agung Tbk.;TAYS
Jaya Swarasa Agung Tbk;TAYS
Jaya Swarasa Agung;TAYS
TBIG;TBIG
Tower Bersama Infrastructure Tbk.;TBIG
Tower Bersama Infrastructure Tbk;TBIG
Tower Bersama Infrastructure;TBIG
TBLA;TBLA
Tunas Baru Lampung Tbk.;TBLA
Tunas Baru Lampung Tbk;TBLA
Tunas Baru Lampung;TBLA
TBMS;TBMS
Tembaga Mulia Semanan Tbk.;TBMS
Tembaga Mulia Semanan Tbk;TBMS
Tembaga Mulia Semanan;TBMS
TCID;TCID
Mandom Indonesia Tbk.;TCID
Mandom Indonesia Tbk;TCID
Mandom Indonesia;TCID
TCPI;TCPI
Transcoal Pacific Tbk.;TCPI
Transcoal Pacific Tbk;TCPI
Transcoal Pacific;TCPI
TDPM;TDPM
Tianrong Chemicals Industry Tbk.;TDPM
Tianrong Chemicals Industry Tbk;TDPM
Tianrong Chemicals Industry;TDPM
TEBE;TEBE
Dana Brata Luhur Tbk.;TEBE
Dana Brata Luhur Tbk;TEBE
Dana Brata Luhur;TEBE
TECH;TECH
Indosterling Technomedia Tbk.;TECH
Indosterling Technomedia Tbk;TECH
Indosterling Technomedia;TECH
TELE;TELE
Omni Inovasi Indonesia Tbk.;TELE
Omni Inovasi Indonesia Tbk;TELE
Omni Inovasi Indonesia;TELE
TFAS;TFAS
Telefast Indonesia Tbk.;TFAS
Telefast Indonesia Tbk;TFAS
Telefast Indonesia;TFAS
TFCO;TFCO
Tifico Fiber Indonesia Tbk.;TFCO
Tifico Fiber Indonesia Tbk;TFCO
Tifico Fiber Indonesia;TFCO
TGKA;TGKA
Tigaraksa Satria Tbk.;TGKA
Tigaraksa Satria Tbk;TGKA
Tigaraksa Satria;TGKA
TGRA;TGRA
Terregra Asia Energy Tbk.;TGRA
Terregra Asia Energy Tbk;TGRA
Terregra Asia Energy;TGRA
TGUK;TGUK
Platinum Wahab Nusantara Tbk.;TGUK
Platinum Wahab Nusantara Tbk;TGUK
Platinum Wahab Nusantara;TGUK
TIFA;TIFA
KDB Tifa Finance Tbk.;TIFA
KDB Tifa Finance Tbk;TIFA
KDB Tifa Finance;TIFA
TINS;TINS
TIMAH (Persero) Tbk.;TINS
TIMAH (Persero) Tbk;TINS
TIMAH (Persero);TINS
TIRA;TIRA
Tira Austenite Tbk.;TIRA
Tira Austenite Tbk;TIRA
Tira Austenite;TIRA
TIRT;TIRT
Tirta Mahakam Resources Tbk.;TIRT
Tirta Mahakam Resources Tbk;TIRT
Tirta Mahakam Resources;TIRT
TKIM;TKIM
Pabrik Kertas Tjiwi Kimia Tbk.;TKIM
Pabrik Kertas Tjiwi Kimia Tbk;TKIM
Pabrik Kertas Tjiwi Kimia;TKIM
TLDN;TLDN
Teladan Prima Agro Tbk.;TLDN
Teladan Prima Agro Tbk;TLDN
Teladan Prima Agro;TLDN
TLKM;TLKM
Telkom Indonesia (Persero) Tbk.;TLKM
Telkom Indonesia (Persero) Tbk;TLKM
Telkom Indonesia (Persero);TLKM
TMAS;TMAS
Temas Tbk.;TMAS
Temas Tbk;TMAS
Temas;TMAS
TMPO;TMPO
Tempo Intimedia Tbk.;TMPO
Tempo Intimedia Tbk;TMPO
Tempo Intimedia;TMPO
TNCA;TNCA
Trimuda Nuansa Citra Tbk.;TNCA
Trimuda Nuansa Citra Tbk;TNCA
Trimuda Nuansa Citra;TNCA
TOBA;TOBA
TBS Energi Utama Tbk.;TOBA
TBS Energi Utama Tbk;TOBA
TBS Energi Utama;TOBA
TOOL;TOOL
Rohartindo Nusantara Luas Tbk.;TOOL
Rohartindo Nusantara Luas Tbk;TOOL
Rohartindo Nusantara Luas;TOOL
TOPS;TOPS
Totalindo Eka Persada Tbk.;TOPS
Totalindo Eka Persada Tbk;TOPS
Totalindo Eka Persada;TOPS
TOSK;TOSK
Topindo Solusi Komunika Tbk.;TOSK
Topindo Solusi Komunika Tbk;TOSK
Topindo Solusi Komunika;TOSK
TOTL;TOTL
Total Bangun Persada Tbk.;TOTL
Total Bangun Persada Tbk;TOTL
Total Bangun Persada;TOTL
TOTO;TOTO
Surya Toto Indonesia Tbk.;TOTO
Surya Toto Indonesia Tbk;TOTO
Surya Toto Indonesia;TOTO
TOWR;TOWR
Sarana Menara Nusantara Tbk.;TOWR
Sarana Menara Nusantara Tbk;TOWR
Sarana Menara Nusantara;TOWR
TOYS;TOYS
Sunindo Adipersada Tbk.;TOYS
Sunindo Adipersada Tbk;TOYS
Sunindo Adipersada;TOYS
TPIA;TPIA
Chandra Asri Pacific Tbk.;TPIA
Chandra Asri Pacific Tbk;TPIA
Chandra Asri Pacific;TPIA
TPMA;TPMA
Trans Power Marine Tbk.;TPMA
Trans Power Marine Tbk;TPMA
Trans Power Marine;TPMA
TRAM;TRAM
Trada Alam Minera Tbk.;TRAM
Trada Alam Minera Tbk;TRAM
Trada Alam Minera;TRAM
TRGU;TRGU
Cerestar Indonesia Tbk.;TRGU
Cerestar Indonesia Tbk;TRGU
Cerestar Indonesia;TRGU
TRIL;TRIL
Triwira Insanlestari Tbk.;TRIL
Triwira Insanlestari Tbk;TRIL
Triwira Insanlestari;TRIL
TRIM;TRIM
Trimegah Sekuritas Indonesia Tbk.;TRIM
Trimegah Sekuritas Indonesia Tbk;TRIM
Trimegah Sekuritas Indonesia;TRIM
TRIN;TRIN
Perintis Triniti Properti Tbk.;TRIN
Perintis Triniti Properti Tbk;TRIN
Perintis Triniti Properti;TRIN
TRIO;TRIO
Trikomsel Oke Tbk.;TRIO
Trikomsel Oke Tbk;TRIO
Trikomsel Oke;TRIO
TRIS;TRIS
Trisula International Tbk.;TRIS
Trisula International Tbk;TRIS
Trisula International;TRIS
TRJA;TRJA
Transkon Jaya Tbk.;TRJA
Transkon Jaya Tbk;TRJA
Transkon Jaya;TRJA
TRON;TRON
Teknologi Karya Digital Nusa Tbk.;TRON
Teknologi Karya Digital Nusa Tbk;TRON
Teknologi Karya Digital Nusa;TRON
TRST;TRST
Trias Sentosa Tbk.;TRST
Trias Sentosa Tbk;TRST
Trias Sentosa;TRST
TRUE;TRUE
Triniti Dinamik Tbk.;TRUE
Triniti Dinamik Tbk;TRUE
Triniti Dinamik;TRUE
TRUK;TRUK
Guna Timur Raya Tbk.;TRUK
Guna Timur Raya Tbk;TRUK
Guna Timur Raya;TRUK
TRUS;TRUS
Trust Finance Indonesia Tbk.;TRUS
Trust Finance Indonesia Tbk;TRUS
Trust Finance Indonesia;TRUS
TSPC;TSPC
Tempo Scan Pacific Tbk.;TSPC
Tempo Scan Pacific Tbk;TSPC
Tempo Scan Pacific;TSPC
TUGU;TUGU
Asuransi Tugu Pratama Indonesia Tbk.;TUGU
Asuransi Tugu Pratama Indonesia Tbk;TUGU
Asuransi Tugu Pratama Indonesia;TUGU
TYRE;TYRE
King Tire Indonesia Tbk.;TYRE
King Tire Indonesia Tbk;TYRE
King Tire Indonesia;TYRE
UANG;UANG
Pakuan Tbk.;UANG
Pakuan Tbk;UANG
Pakuan;UANG
UCID;UCID
Uni-Charm Indonesia Tbk.;UCID
Uni-Charm Indonesia Tbk;UCID
Uni-Charm Indonesia;UCID
UDNG;UDNG
Agro Bahari Nusantara Tbk.;UDNG
Agro Bahari Nusantara Tbk;UDNG
Agro Bahari Nusantara;UDNG
UFOE;UFOE
Damai Sejahtera Abadi Tbk.;UFOE
Damai Sejahtera Abadi Tbk;UFOE
Damai Sejahtera Abadi;UFOE
ULTJ;ULTJ
Ultrajaya Milk Industry & Trading Company Tbk.;ULTJ
Ultrajaya Milk Industry & Trading Company Tbk;ULTJ
Ultrajaya Milk Industry & Trading Company;ULTJ
UNIC;UNIC
Unggul Indah Cahaya Tbk.;UNIC
Unggul Indah Cahaya Tbk;UNIC
Unggul Indah Cahaya;UNIC
UNIQ;UNIQ
Ulima Nitra Tbk.;UNIQ
Ulima Nitra Tbk;UNIQ
Ulima Nitra;UNIQ
UNIT;UNIT
Nusantara Inti Corpora Tbk.;UNIT
Nusantara Inti Corpora Tbk;UNIT
Nusantara Inti Corpora;UNIT
UNSP;UNSP
Bakrie Sumatera Plantations Tbk.;UNSP
Bakrie Sumatera Plantations Tbk;UNSP
Bakrie Sumatera Plantations;UNSP
UNTD;UNTD
Terang Dunia Internusa Tbk.;UNTD
Terang Dunia Internusa Tbk;UNTD
Terang Dunia Internusa;UNTD
UNTR;UNTR
United Tractors Tbk.;UNTR
United Tractors Tbk;UNTR
United Tractors;UNTR
UNVR;UNVR
Unilever Indonesia Tbk.;UNVR
Unilever Indonesia Tbk;UNVR
Unilever Indonesia;UNVR
URBN;URBN
Urban Jakarta Propertindo Tbk.;URBN
Urban Jakarta Propertindo Tbk;URBN
Urban Jakarta Propertindo;URBN
UVCR;UVCR
Trimegah Karya Pratama Tbk.;UVCR
Trimegah Karya Pratama Tbk;UVCR
Trimegah Karya Pratama;UVCR
VAST;VAST
Vastland Indonesia Tbk.;VAST
Vastland Indonesia Tbk;VAST
Vastland Indonesia;VAST
VERN;VERN
Verona Indah Pictures Tbk.;VERN
Verona Indah Pictures Tbk;VERN
Verona Indah Pictures;VERN
VICI;VICI
Victoria Care Indonesia Tbk.;VICI
Victoria Care Indonesia Tbk;VICI
Victoria Care Indonesia;VICI
VICO;VICO
Victoria Investama Tbk.;VICO
Victoria Investama Tbk;VICO
Victoria Investama;VICO
VINS;VINS
Victoria Insurance Tbk.;VINS
Victoria Insurance Tbk;VINS
Victoria Insurance;VINS
VISI;VISI
Satu Visi Putra Tbk.;VISI
Satu Visi Putra Tbk;VISI
Satu Visi Putra;VISI
VIVA;VIVA
Visi Media Asia Tbk.;VIVA
Visi Media Asia Tbk;VIVA
Visi Media Asia;VIVA
VKTR;VKTR
VKTR Teknologi Mobilitas Tbk.;VKTR
VKTR Teknologi Mobilitas Tbk;VKTR
VKTR Teknologi Mobilitas;VKTR
VOKS;VOKS
Voksel Electric Tbk.;VOKS
Voksel Electric Tbk;VOKS
Voksel Electric;VOKS
VRNA;VRNA
Mizuho Leasing Indonesia Tbk.;VRNA
Mizuho Leasing Indonesia Tbk;VRNA
Mizuho Leasing Indonesia;VRNA
VTNY;VTNY
Venteny Fortuna International Tbk.;VTNY
Venteny Fortuna International Tbk;VTNY
Venteny Fortuna International;VTNY
WAPO;WAPO
Wahana Pronatural Tbk.;WAPO
Wahana Pronatural Tbk;WAPO
Wahana Pronatural;WAPO
WBSA;WBSA
BSA Logistics Indonesia Tbk.;WBSA
BSA Logistics Indonesia Tbk;WBSA
BSA Logistics Indonesia;WBSA
WEGE;WEGE
Wijaya Karya Bangunan Gedung Tbk.;WEGE
Wijaya Karya Bangunan Gedung Tbk;WEGE
Wijaya Karya Bangunan Gedung;WEGE
WEHA;WEHA
WEHA Transportasi Indonesia Tbk.;WEHA
WEHA Transportasi Indonesia Tbk;WEHA
WEHA Transportasi Indonesia;WEHA
WGSH;WGSH
Wira Global Solusi Tbk.;WGSH
Wira Global Solusi Tbk;WGSH
Wira Global Solusi;WGSH
WICO;WICO
Wicaksana Overseas International Tbk.;WICO
Wicaksana Overseas International Tbk;WICO
Wicaksana Overseas International;WICO
WIDI;WIDI
Widiant Jaya Krenindo Tbk.;WIDI
Widiant Jaya Krenindo Tbk;WIDI
Widiant Jaya Krenindo;WIDI
WIFI;WIFI
Solusi Sinergi Digital Tbk.;WIFI
Solusi Sinergi Digital Tbk;WIFI
Solusi Sinergi Digital;WIFI
WIIM;WIIM
Wismilak Inti Makmur Tbk.;WIIM
Wismilak Inti Makmur Tbk;WIIM
Wismilak Inti Makmur;WIIM
WIKA;WIKA
Wijaya Karya (Persero) Tbk.;WIKA
Wijaya Karya (Persero) Tbk;WIKA
Wijaya Karya (Persero);WIKA
WINE;WINE
Hatten Bali Tbk.;WINE
Hatten Bali Tbk;WINE
Hatten Bali;WINE
WINR;WINR
Winner Nusantara Jaya Tbk.;WINR
Winner Nusantara Jaya Tbk;WINR
Winner Nusantara Jaya;WINR
WINS;WINS
Wintermar Offshore Marine Tbk.;WINS
Wintermar Offshore Marine Tbk;WINS
Wintermar Offshore Marine;WINS
WIRG;WIRG
WIR ASIA Tbk.;WIRG
WIR ASIA Tbk;WIRG
WIR ASIA;WIRG
WMPP;WMPP
Widodo Makmur Perkasa Tbk.;WMPP
Widodo Makmur Perkasa Tbk;WMPP
Widodo Makmur Perkasa;WMPP
WMUU;WMUU
Widodo Makmur Unggas Tbk.;WMUU
Widodo Makmur Unggas Tbk;WMUU
Widodo Makmur Unggas;WMUU
WOMF;WOMF
Wahana Ottomitra Multiartha Tbk.;WOMF
Wahana Ottomitra Multiartha Tbk;WOMF
Wahana Ottomitra Multiartha;WOMF
WOOD;WOOD
Integra Indocabinet Tbk.;WOOD
Integra Indocabinet Tbk;WOOD
Integra Indocabinet;WOOD
WOWS;WOWS
Ginting Jaya Energi Tbk.;WOWS
Ginting Jaya Energi Tbk;WOWS
Ginting Jaya Energi;WOWS
WSBP;WSBP
Waskita Beton Precast Tbk.;WSBP
Waskita Beton Precast Tbk;WSBP
Waskita Beton Precast;WSBP
WSKT;WSKT
Waskita Karya (Persero) Tbk.;WSKT
Waskita Karya (Persero) Tbk;WSKT
Waskita Karya (Persero);WSKT
WTON;WTON
Wijaya Karya Beton Tbk.;WTON
Wijaya Karya Beton Tbk;WTON
Wijaya Karya Beton;WTON
YELO;YELO
Yelooo Integra Datanet Tbk.;YELO
Yelooo Integra Datanet Tbk;YELO
Yelooo Integra Datanet;YELO
YOII;YOII
Asuransi Digital Bersama Tbk.;YOII
Asuransi Digital Bersama Tbk;YOII
Asuransi Digital Bersama;YOII
YPAS;YPAS
Yanaprima Hastapersada Tbk.;YPAS
Yanaprima Hastapersada Tbk;YPAS
Yanaprima Hastapersada;YPAS
YULE;YULE
Yulie Sekuritas Indonesia Tbk.;YULE
Yulie Sekuritas Indonesia Tbk;YULE
Yulie Sekuritas Indonesia;YULE
YUPI;YUPI
Yupi Indo Jelly Gum Tbk.;YUPI
Yupi Indo Jelly Gum Tbk;YUPI
Yupi Indo Jelly Gum;YUPI
ZATA;ZATA
Bersama Zatta Jaya Tbk.;ZATA
Bersama Zatta Jaya Tbk;ZATA
Bersama Zatta Jaya;ZATA
ZBRA;ZBRA
Dosni Roha Indonesia Tbk.;ZBRA
Dosni Roha Indonesia Tbk;ZBRA
Dosni Roha Indonesia;ZBRA
ZINC;ZINC
Kapuas Prima Coal Tbk.;ZINC
Kapuas Prima Coal Tbk;ZINC
Kapuas Prima Coal;ZINC
ZONE;ZONE
Mega Perintis Tbk.;ZONE
Mega Perintis Tbk;ZONE
Mega Perintis;ZONE
ZYRX;ZYRX
Zyrexindo Mandiri Buana Tbk.;ZYRX
Zyrexindo Mandiri Buana Tbk;ZYRX
Zyrexindo Mandiri Buana;ZYRX